id,book,page,certainty,category,description,rooms,features,notes
crydee_001,Magician,1,unknown,architecture,"At Crydee, a frontier outpost in the tranquil kingdom of the Isles an orphan boy, Pug is apprenticed to a master magician. Before long Pug's emerging powers have produced two miracles and won him a Duke's favour and a Princess's heart. But suddenly the peace in Crydee is shattered as mysterious alien invaders swarm through the kingdom. For Pug and his warrior friend, Tomas, the journey into the unknown has only just begun. Tomas will inherit a legacy of savage power from an ancient civilisati...",,,Extracted from page 1
crydee_002,Magician,4,canon,architecture,"of the things revealed to Pug on the Tower of Testing were clearly in this area. My editor wasn't sold on the idea of a sequel, then, so some of this was cut. Returning it may be self-indulgent, but as this was material I felt belonged in the original book, it has been restored.",Tower,,Extracted from page 4
crydee_003,Magician,6,canon,architecture,"sack and started north, toward the castle. As he moved among the pools, he felt the coolness in the wind turn to a deeper, wetter cold. The day began to be broken by a patchwork of shadows as the first clouds passed before the sun, bright colors fading to shades of grey. Out to sea, lightning flashed against the blackness of the clouds, and the distant boom of thunder rode over the noise of the waves. Pug picked up speed when he came to the first stretch of open beach. The storm was coming in...",,wall,Extracted from page 6
crydee_004,Magician,7,canon,architecture,"to find a lodging there, for the gates of the castle would be closed for the night, and with his tender ankle he would not attempt to climb the wall behind the stables. Besides, should he wait and slip into the keep the next day, only Megar would have words for him, but if he was caught coming over the wall, Swordmaster Fannon or Horsemaster Algon would surely have a lot worse in store for him than words. While he rested, the rain took on an insistent quality and the sky darkened as the late-...",stables,"bed, table, wall, gate",Extracted from page 7
crydee_005,Magician,8,canon,architecture,"across his body. Pug covered his face with his hands, keeping his arms to his chest, expecting to be gored. "", After a moment he realized the pig was still. Uncovering his face, he discovered the pig lying across his lower legs, a black-feathered, clothyard arrow protruding from its side. Pug looked toward the forest. A man garbed in brown leather was standing near the edge of the trees, carefully wrapping a yeoman's longbow with an oilcloth cover. Once the valuable weapon was protected from ...",,bed,Extracted from page 8
crydee_006,Magician,9,canon,architecture,"the hunters and foresters that lived in the forest of Crydee: large-shouldered, tall, and solidly built. He had dark hair and beard and the raw, weather-beaten appearance of one who spends most of his time outdoors. For a few fanciful moments the boy wondered if he might be some member of an outlaw band, hiding in the heart of the forest. He gave up the notion, for no outlaw would trouble himself with an obviously penniless keep boy. Remembering the man had mentioned having a master, Pug susp...",,"table, window, bed, fireplace, wall, door",Extracted from page 9
crydee_007,Magician,10,canon,architecture,"""Yes, sir. From the castle."" ""What is your name, boy from the keep?"" ""Pug, Master Kulgan."" ""Now I remember you."" The magician absently waved his hand. ""Do not call me 'Master,' Pug-though I am rightly called a master of my arts,'' he said with a merry crinkling around his eyes. 'I am higher-born than you, it is true, but not by much. Come, there is a blanket hanging by the fire, and you are drenched. Hang your clothes to dry, then sit there."" He pointed to a bench opposite him. Pug did as he ...",,"table, bed",Extracted from page 10
crydee_008,Magician,11,canon,architecture,"Meecham, this boy is Pug, from the keep at Castle Crydee."" Meecham gave a brief nod, then returned to tending the roasting loin. Pug nodded back, though a bit late for Meecham to notice. ""I never thought to thank you for saving me from the boar."" Meecham replied, ""There's no need for thanks, boy. Had I not startled the beast, it's unlikely it would have charged you."" He left the hearth and crossed over to another part of the room, took some brown dough from a cloth-covered bucket, and started...",kitchen,table,Extracted from page 11
crydee_009,Magician,12,canon,architecture,"tattoo of rain on the roof of the cottage. The storm seemed to have slackened, and Pug doubted the magician's words. As if reading the boy's thought, Kulgan said, ""Doubt me not, Pug. This glade is protected by more than the great boles. Should you pass beyond the circle of oaks that marks the edge of my holding, you would feel the storm's fury. Meecham, how do you gauge this wind?"" Meecham put down the bread dough he was kneading and thought for a moment. ""Near as bad as the storm that beache...","tower, kitchen, cellar",wall,Extracted from page 12
crydee_010,Magician,13,canon,architecture,"and all be lost. And though of Bosania from birth, those soldiers still were loyal to Great Kesh in their service. So for her great need, they took up their arms and put on their armor and quit Bosania, taking ship to the south, to save all from destruction."" Kulgan said, ""That's enoughF"" and gently closed the cover of the book. ""You are well gifted with letters for a keep boy."" 'This book, sir, what is it?"" asked Pug, as Kulgan took it from him. ""I have never seen anything like it."" Kulgan l...",Tower,table,Extracted from page 13
crydee_011,Magician,14,canon,architecture,"been called the Duchy of Crydee."" Pug thought for a moment, then said, ""I think I would like to travel to this Great Kesh someday."" Meecham snorted, something close to a laugh. ""And what would you be traveling as, a freebooter?"" Pug felt his face flush. Freebooters were landless men, mercenaries who fought for pay, and who were regarded as being only one cut above outlaws. Kulgan said, ""Perhaps you might someday, Pug. The way is long and full of peril, but it is not unheard of for a brave and...",kitchen,table,Extracted from page 14
crydee_012,Magician,15,canon,architecture,"brought me to the keep, for they had no way to care for me."" ""Yes,"" injected Kulgan, ""I remember when those who worship the Shield of the Weak first brought you to the castle. You were no more than a baby fresh from the teat. It is only through the Duke's kindness that you are a freeman today. He felt it a lesser evil to free a bondsman's son than to bond a freeman's. Without proof, it was his right to have you declared bondsman."" Meecham said in a noncommittal tone, ""A good man, the Duke."" P...",kitchen,table,Extracted from page 15
crydee_013,Magician,16,canon,architecture,"doesn't like it when he's not in the kitchen to oversee things. I think she knows this, which is why she tossed us out of the keep for the morning, so she wouldn't take out her temper on us. Or at least you,"" he added with a questioning smile. ""I swear you're her favorite."" pug's grin returned and he laughed again. ""Well, I do cause less trouble."" With a playful punch to the arm, Tomas said, ""You mean you get caught less often."" Pug pulled his sling out from within his shirt. ""If we came back...",kitchen,bed,Extracted from page 16
crydee_014,Magician,17,canon,architecture,"Martin had come to be known as Longbow by those in the castle, as he had few equals with that weapon. Something of a mystery, Martin Longbow was still well liked by the boys, for while he was aloof with the adults in the castle, he was always friendly and accessible to the boys. As Huntmaster, he was also the Duke's Forester. His duties absented him from the castle for days, even weeks at a time, as he kept his trackers busy looking for signs of poaching, possible fire dangers, migrating gobl...",,fireplace,Extracted from page 17
crydee_015,Magician,18,canon,architecture,"Tomas answered. ""My mother tossed us out of the kitchen. We were more trouble than not. With the Choosing today . . ."" His voice died away, and he felt suddenly embarrassed. Much of Martin's mysterious reputation stemmed from when he first came to Crydee. At his time for the Choosing, he had been placed directly with the old Huntmaster by the Duke, rather than standing before the assembled Craftmasters with the other boys his age. This violation of one of the oldest traditions known had offen...",kitchen,,Extracted from page 18
crydee_016,Magician,19,canon,architecture,"noon. We should return to the keep."" He began to walk toward the path, and the boys fell in beside him. ""What was the feast like, Martin?"" asked Tomas. Pug sighed as the hunter began to speak of the marvels of Elvandar. He was also fascinated by tales of the elves, but to nowhere near the degree Tomas was. Tomas could endure hours of tales of the people of the elven forests, regardless of the speaker's credibility. At least, Pug considered, in the Huntmaster they had a dependable eye witness....",courtyard,table,Extracted from page 19
crydee_017,Magician,20,canon,architecture,"Crydee to try to find a craft in another town or city. If he stayed, he would have to either farm the Duke's land as a franklin, or work one of the town's fishing boats. Both prospects were equally unattractive, but he couldn't imagine leaving Crydee. Pug remembered what Megar had told him, the night before. The old cook had cautioned him about fretting too much over the Choosing. After all, he had pointed out, there were many apprentices who never %advanced to the rank of journeyman ""thod tw...",courtyard,"stair, gate, door",Extracted from page 20
crydee_018,Magician,21,canon,architecture,"steps. Upon each tabard was emblazoned the golden gull of Crydee, and above that a small golden crown, marking the Duke a member of the royal family. The herald shouted, ""Hearken to me! His Grace, Borric conDoin, third Duke of Crydee, Prince of the Kingdom, Lord of Crydee, Carse, and Tulan; Warden of the West; Knight-General of the King's Armies, heir presumptive to the throne of Rillanon."" The Duke stood patiently while the list of offices was completed, then stepped forward into the sunligh...",,,Extracted from page 21
crydee_019,Magician,22,canon,architecture,"the castle from time to time since the night of the storm, and they had exchanged words once, Kulgan inquiring as to his well-being, but mostly the magician was absent from sight. Pug was a little surprised to see the magician, for he was not properly considered a full member of the Duke's household, but rather a sometime adviser. Most of the time Kulgan was ensconced in his tower, hidden from view as he did whatever magicians do in such places. The magician was deep in conversation with Fath...",tower,,Extracted from page 22
crydee_020,Magician,23,canon,architecture,"netmender's son, a town boy, and they rarely mixed with the keep boys. Pug had played with him upon a few occasions and had a sense the lad was well regarded. It was a rare thing to refuse service, and Pug was as. curious as any to hear the reasons. The Duke spoke kindly. ""What is your purpose, Robert, son of Hugen?"" ""Your grace, my father is unable to take me into his craft, for my four brothers are well able to ascend to the craft as journeymen and masters after him, as are many other netme...",courtyard,table,Extracted from page 23
crydee_021,Magician,24,canon,architecture,"a member of the castle's serving staff, leaving Pug and Tomas standing alone. Swordmaster Fannon then stepped forward, and Pug felt his heart stand still as the old soldier called, ""Tomas, son of Megar."" There was a pause, and Pug waited to hear his own name called, but Fannon stepped back and Tomas crossed over to stand alongside him. Pug felt dwarfed by the gaze of all upon him. The courtyard was now larger than he had ever remembered it, and he felt ill fashioned and poorly dressed.' His h...",courtyard,,Extracted from page 24
crydee_022,Magician,25,canon,architecture,"and they passed into the keep between the ranks of the courtiers, who drew aside. The two Princes followed, and the others of the court. Pug saw Tomas leave in the direction of the guard barracks, behind Master Fannon. He turned his attention back to Kulgan, who was standing lost in thought. After a moment the magician said, ""I trust neither of us has made a mistake this day."" ""Sir?"" Pug asked, not understanding the magician's meaning. Kulgan waved one hand absently, causing his pale yellow r...","tower, barracks",,Extracted from page 25
crydee_023,Magician,26,canon,architecture,"though no one had ever reported seeing such a celebration. The courtyard was busy. Huge tables had been erected to hold the myriad varieties of foods that had been in preparation for over a week. Giant barrels of dwarven ale, imported from Stone Mountain, had been hauled out of the cellars and were resting on protesting, overburdened wood frames. The workmen, alarmed at the fragile appearance of the barrd ricks, were quickly emptying some of the contents. Megar came out of the kitchen and ang...","tower, courtyard, kitchen, cellar","table, door",Extracted from page 26
crydee_024,Magician,27,canon,architecture,"apprentice laughed. ""You're the quickest hand in the castle, I bet."" ""Or young Jon was slow of eye for keeping it on you."" They shared a laugh. Pug popped his half of the pie into his mouth. It was delicately seasoned, and the contrast between the salty pork filling and the sweet puff-pastry crust was delicious. The sound of pipes and drums came from the side courtyard as the Duke's musicians approached the main courtyard. By the time they had emerged around the keep, a silent message seemed ...","courtyard, kitchen",table,Extracted from page 27
crydee_025,Magician,28,canon,architecture,"keep passed, offering congratulations on the boys' apprenticeship and wishing them a good new year. Pug felt a deep sense of rightness about everything. He was an apprentice, even if Kulgan seemed completely unsure of what to do with him. He was well fed, and on his way to being slightly intoxicated-which contributed to his sense of well-being. And, most important, he was among friends. There can't be much more to life than this, he thought. 3 kEEP Puc sAT SULKING ON HIS SLEEPING PAllET. Fant...",tower,"window, door",Extracted from page 28
crydee_026,Magician,29,canon,architecture,"simply says to keep at it and not worry."" Nearing tears, he continued. ""I have talent. Kulgan said he knew it from the first time we met, when I used the crystal. You've told me that I have talent. But I just can't make the spells work the way they're supposed to. I get so confused by it all."" ""Pug,"" said the priest, ""magic has many properties, and we understand little of how it works, even those of us who practice it. In the temples we are taught that magic is a gift from the gods, and we ac...",,,Extracted from page 29
crydee_027,Magician,33,canon,architecture,"sound of boys at play, filling the courtyard of the keep. EvERY SixthdaY, the boys and girls who worked in the castle were allowed to spend the afternoon as they saw fit. The boys, apprentice age and younger, were a loud and boisterous lot. The girls worked in the service .of the ladies of the castle, cleaning and sewing, as well as helping in the kitchen. They all gave a full week's work, dawn to dusk and more, each day, but on the sixth day of the week they gathered in the courtyard of ! th...","courtyard, kitchen",wall,Extracted from page 33
crydee_028,Magician,34,canon,architecture,"of the keep was bad enough, to be punished by a lout like Rulf in front of the Princess was a catastrophe. Emitting a groan that had little to do with his physical state, Pug tried to look as much like someone else as he could. Tomas grabbed him roughly. ""Try not to squirm around so much. You're not all that bad off. Most of this blood is Rulf's anyway. By tomorrow his nose will look like an angry red cabbage."" ""So will my head."" ""Nothing so bad. A black eye, perhaps two, with a swollen cheek...",kitchen,bed,Extracted from page 34
crydee_029,Magician,35,canon,architecture,"Tomas spoke from around a mouthful of food. ""Master Fannon says a soldier must keep a cool head at all times or he'll lose it."" Pug sighed. ""Kulgan said something like that. I have some drills I can do that make me relax. I should have used them."" Tomas gulped a heroic portion of his meal. ""Practicing in your room is one thing. Putting that sort of business into use while someone is insulting you to your face is quite another. I would have done the same thing, I suppose."" ""But you would have ...",,wall,Extracted from page 35
crydee_030,Magician,36,canon,architecture,"""If she's blind,. and all the other girls in the keep haven't pointed it out to her a hundred times already."" A woebegone look crossed Tomas's face. ""What must the girl think?"" Pug said, ""who knows what girls think? From everything I can tell, she probably likes it."" Tomas looked thoughtfully at his plate. ""Do you ever think about taking a wife?"" Pug blinked like an owl caught in a bright light. ""I . . . I never thought about it. I don't know if magicians marry. I don't think they do."" ""Nor s...",,"bed, gate",Extracted from page 36
crydee_031,Magician,37,canon,architecture,"gleaming as the morning sun poured in through the tower window. The door to the boy's room swung open, and Kulgan stepped through, his stout frame covered in a green robe. Pausing to regard the boy for a moment, he sat on the pallet and scratched the drake behind the eye ridges, bringing a pleased rumble from deep within Fantus's throat. ""I see you didn't spend yesterday sitting about idly,"" he said. ""I had a bit of trouble, sir."" ""Well, fighting is the province of boys as well as grown men, ...",tower,"window, door",Extracted from page 37
crydee_032,Magician,38,canon,architecture,"""This very day. Morning chapel is almost done."" Being Firstday, those inclined went to devotions either in the Keep's chapel, or in the small temple down in the town. The rest of the day was given to light work, only that needed to put food on the Duke's table. The boys and girls might get an extra half day on Sixthday, but their elders rested only on Firstday. ""Go to Horsemaster Algon, he has been instructed by the Duke and will begin your lessons now."" Without a further word, Pug leaped up ...","stables, chapel","table, gate",Extracted from page 38
crydee_033,Magician,39,canon,architecture,"who attempted by force of will as much as horsemanship to keep his recalcitrant mount moving. Pug felt the first stirring of hunger, his dreams of romance surrendering to his normal, fifteen-year-old's appetite. As they rode, his thoughts turned more and more to the basket of lunch that hung from his saddle horn. After what seemed like an eternity to Pug, the Princess turned to him. ""Boy, what is your craft?"" Startled by the question after the long silence, Pug stammered his reply. ""I . . . I...",,,Extracted from page 39
crydee_034,Magician,41,canon,architecture,"threw his arms forward and broke his fall with his hands, keeping his head above water. Shock ran up through his arms as he tried to regain his feet. He stumbled again and turned as the trolls approached the water's edge. They howled at the sight of their tormentor stumbling in the water and paused for a moment. Pug felt blind terror as he struggled with numb fingers to put a stone in his sling. He fumbled and dropped the sling, and the stream carried it away. Pug felt a scream building in hi...",,bed,Extracted from page 41
crydee_035,Magician,42,canon,architecture,"role as Princess of the castle. Trying to sound commanding, she said, ""I am glad to see you are unhurt, boy."" Pug winced visibly at that. She struggled to regain her aristocratic bearing, but her red nose and tearstained face undermined her attempt. ""Find my horse, and we shall return to the keep."" Pug felt as if his nerves were raw. Keeping tight control over his voice, he said, ""I'm sorry, Your Highness, but the horses have run off. I'm afraid we'll have to walk."" Carline felt abused and mi...",,,Extracted from page 42
crydee_036,Magician,43,canon,architecture,"better hurry. We might make the keep by nightfall."" She nodded, keeping her eyes upon him, and smiled. Pug was feeling uncomfortable under her gaze and turned toward the way to the keep. ""Well, then. We'd best be off."" She fell into step beside him. After a moment she asked, ""May I have some bread too, Pug?"" Puc hAD RUN the distance between the bluffs and the keep many times before, but the Princess was unused to walking such distances, and her soft riding boots were ill suited to such an und...",tower,"table, gate",Extracted from page 43
crydee_037,Magician,44,canon,architecture,"responsible for the Princess's condition, one of the guards stepped up and seized him by the arm. ""Leave him alone!"" Silence descended as Carline forced her way between the governess and Pug. Small fists struck at the guard as he let go of Pug and fell back with a look of astonishment on his face. ""He saved my life! He almost got killed saving me."" Tears were running down her face. ""He's done nothing wrong. And I won't have any of you bullying him."" The crowd closed in around them, regarding ...","tower, courtyard","table, wall, gate",Extracted from page 44
crydee_038,Magician,46,canon,architecture,"He put out the lantern that hung on the wall and let himself out. As he walked up the stairs to his own room, he shook his head. ""Absolutely incredible."" Puc wAitED as the Duke held court in the great hall. Everyone in the keep and town who could contrive a way to gain entrance to the audience was there. Richly dressed Craftmasters, merchants, and minor nobles were in attendance. They stood regarding the boy with expressions ranging from wonder to disbelief. The rumor of his deed had spread t...",great hall,"stair, table, wall",Extracted from page 46
crydee_039,Magician,47,implied,architecture,"given a place in the court of Crydee, with the rank of Squire, with all rights and privileges pertaining thereunto. Furthermore let it be known that the title for the estate of Forest Deep is conferred upon him and his progeny as long as they shall live, to have and to hold, with servants and properties thereupon. Title to this estate shall be held by the crown until the day of his majority. Set this day by my hand and seal Borric conDoin, third Duke of Crydee, Prince of the Kingdom; Lord of ...",,"chair, door",Extracted from page 47
crydee_040,Magician,48,canon,architecture,"I am going to ask him to keep it, until such time as he deems fit to give it to you. I will say no more on the subject, except that when he gives it to you, I hope you will remember this day and consider long what it says."" ""I will, Your Grace."" Pug was sure the Duke was saying something very important, but with all the events of the last half hour, it did not register very well. ""I will expect you for supper, Pug. As a member of the court, you will not be eating meals in the kitchen anymore....","courtyard, kitchen","stair, window, door",Extracted from page 48
crydee_041,Magician,49,canon,architecture,"through the kitchen, nearly knocking over Alfan, the pastry cook. As he bolted out the door, he heard the stout baker yell, ""Squire or not, I'll box your ears if you don't watch where you're going, boy!"" The kitchen staff had not changed their attitude toward the boy, whom they considered one of their own, beyond feeling proud of his achievement. Pug shouted back with laughter in his voice, ""My apologies, Mastercook!"" Alfan gave him a good-natured wave as Pug vanished through the outside door...","great hall, kitchen","bed, table, gate, door",Extracted from page 49
crydee_042,Magician,50,canon,architecture,"mother. Now fetch a sword from the armory in case there's trouble. You may get to play soldier yet."" Tomas looked pleased at the prospect and ran out the door. A few minutes later the large grey with the two boys mounted on her back lumbered out the main gate, heading down the road toward Sailor's Grief. ThE suRF was pounding as the boys came in sight of the wreckage. Only a few villagers were approaching the site, and they scattered as soon as a horse and rider appeared, for it could only be...",armory,"bed, gate, door",Extracted from page 50
crydee_043,Magician,51,canon,architecture,"with his face against the cliff wall. Sliding backward, he let himself down until he was almost hanging free. With a shove he dropped the remaining four feet, landing safely. Pug reversed the sword and handed it down to Tomas, then followed his friend's lead, and in a moment they both stood on the deck. The foredeck slanted alarmingly down toward the water, and they could feel the ship move beneath their feet. ""The tide's rising,"" Tomas shouted. ""It'll lift what's left of the ship and smash i...",,"wall, door",Extracted from page 51
crydee_044,Magician,53,canon,architecture,"sword. As if sensing the boy's thoughts, the soldier staggered a few feet to his right, cutting off any escape. He closed his eyes again, and what little color there was in his face drained away. His gaze began to wander, and the sword slipped from limp fingers. Pug started to take a step toward him, for it was now obvious that he could do them no harm. As he neared the man, shouts sounded up the beach. Pug and Tomas saw Prince Arutha riding before a troop of horsemen. The wounded soldier tur...",dining hall,"table, door",Extracted from page 53
crydee_045,Magician,55,canon,architecture,"Mountain and the Grey Towers of what has happened. Ask for their counsel."" Pug opened the door. The Duke went through and the others followed. Pug and Tomas were the last to leave, and as they walked down the hall, Tomas leaned over toward Pug. ""We really started something."" Pug shook his head. ""We were simply the first to find the man. If not us, then someone else."" Tomas looked relieved to be out of the chamber and the Duke's scrutiny. ""If this turns out badly, I hope they remember that."" K...","tower, Tower, kitchen","stair, table, bed, door",Extracted from page 55
crydee_046,Magician,56,canon,architecture,"counter. ""I had best return to the soldiers' commons and wait for Master Fannon. I'll see you soon."" He ran from the kitchen. Megar said, ""Is it serious, Pug?"" Pug shook his head. ""I really can't say. I don't know. I know that Tully and Kulgan are worried, and the Duke thinks enough of the problem to want to talk to the elves and dwarves. It could be."" Megar looked out the door that Tomas had used. ""It would be a bad time for war and killing."" Pug could see the poorly hidden worry in Megar's ...","tower, courtyard, kitchen","bed, table, wall, door",Extracted from page 56
crydee_047,Magician,57,canon,architecture,"surrogate mother would allow that he was proper company. ""Why not?"" Carline sighed. ""She says that when you were a commoner, you would keep your place. Now that you are a courtier, she suspects you of having aspirations."" A slight smile played across her lips. ""Aspirations?"" Pug said, not understanding. Carline said shyly, ""She thinks that you have ambitions to rise to higher station. She thinks you seek to influence me in certain ways."" Pug stared at Carline. Abruptly comprehension dawned on...",cellar,"table, gate, door",Extracted from page 57
crydee_048,Magician,58,unknown,architecture,"soldier of a nation, Honshoni, in something called the Empire of Tsuranuanni."" Borric said, ""I have never heard of this nation, nor of that Empire."" Tully nodded and said, ""I would have been surprised if you had. That man's ship came from no sea of Midkemia."" Pug and Tomas looked at each other, and Pug felt a chilling sensation, as, apparently, did Tomas, whose face had turned pale. Tully went on. ""We can only speculate on how the feat was managed, but I am certain that this ship comes from a...",,window,Extracted from page 58
crydee_049,Magician,59,canon,architecture,"rear wall of the castle, but he stared as if seeking something there, some-thing that would provide an answer for the questions that spun in his mind. He turned quickly and said, ""How did they get here, Tully?"" The priest shrugged. ""Perhaps Kulgan can offer a theory as to the means. What I construct as being the most likely series of events is this: the ship foundered in the storm, the captain of the ship and most of its crew were lost. As a last resort this Great One, whoever he is, invoked ...",,"table, wall, chair",Extracted from page 59
crydee_050,Magician,60,canon,architecture,"opened the door, then raced through the keep. He ran to the tower steps and took them two at a time. He raised his hand to knock and felt a strange sensation, as if he were near a lightning strike, causing the hair on his arms and scalp to stand up. A sudden sense of wrongness swept over him, and he pounded on the door. ""Kulgan! Kulgan! Are you all right?"" he shouted, but no answer was forth-coming. He tried the door latch and found it locked. He placed his shoulder against the door and tried...",tower,"stair, table, door",Extracted from page 60
crydee_051,Magician,61,canon,architecture,"spears from against the wall where the shocked guards had placed them. Before either of the men-at-arms could act, he leveled it at the grey spot and threw. The spear flew across the ten feet that separated them from Kulgan and disappeared into the void. A brief second after, the arms dropped Kulgan and withdrew. Suddenly the grey void blinked out of existence, with a clap of air rushing in to fill it. Pug ran to Kulgan's side and knelt by his master. The magician was breathing, but his face ...",,"bed, wall",Extracted from page 61
crydee_052,Magician,62,canon,architecture,"good night, and left. The grey-haired commander of the Duke's guard watched them go and stood quietly in the little garden for a time, alone with his own disquieting thoughts. Puc wAs AWAKENED by the sound of footsteps passing his door. He quickly pulled on trousers and tunic and hurried up the steps to Kul: gan's room. Passing the hastily replaced door, he found the Duke and Father Tully standing over Kulgan's sleeping pallet. Pug heard his master's voice, sounding feeble, as he complained a...",,"bed, wall, door",Extracted from page 62
crydee_053,Magician,64,canon,architecture,"and control them as well, to act as a gate between worlds, and can pass through them safely, then they have arts of the most powerful sort."" Tully said, ""We've suspected something of the nature of rifts before, but this is the first time we've had anything remotely like hard evidence."" Kulgan said, ""Bah! Strange people and unknown objects have appeared suddenly from time to time over the years, Tully. This would certainly explain where they came from."" Tully appeared unwilling to concede the ...",,"stair, gate",Extracted from page 64
crydee_054,Magician,65,canon,architecture,"curiosity when one appeared at the castle, for rarely did the elves venture south of the river Crydee. The elves lived apart from the society of men, and their ways were thought strange and magical. They had lived in these lands long before the coming of men to the West, and there was an unvoiced agreement that, in spite of any claims made by the Kingdom, they were a free people. A cough caused Pug to turn and see Kulgan sitting over a large tome. The magician indicated with a glance that the...",,"bed, window",Extracted from page 65
crydee_055,Magician,66,canon,architecture,"down. He pointed to the wall. ""If one had been installed when the tower was built, fine. But to try to remove the stones from the tower, from here past my room, and up to the roof would be difficult, not to mention costly."" ""I wasn't thinking of a chimney in the wall, Kulgan. You know how the forge in the smithy has a stone hood taking the heat and smoke through the roof?"" The magician nodded. ""Well, if I could have a metal one fashioned by the smith, and a metal chimney coming from the hood ...",tower,"table, wall, window",Extracted from page 66
crydee_056,Magician,67,canon,architecture,"troop of guards was running toward the front gate. Pug turned to Kulgan. ""The elves must be coming! The guard is out."" Kulgan said, ""Very well. We are done with study for this day. There will be no holding you until you get a look at the elves. Run along."" Pug raced out the door and down the stairs. He took them two at a time, jumping to the bottom of the tower landing over the last four and hitting the floor at a full run. He dashed through the kitchen and out the door. As he rounded the kee...","tower, courtyard, kitchen","stair, gate, bed, door",Extracted from page 67
crydee_057,Magician,68,canon,architecture,"to carry over the crowd so that all in the courtyard could hear. Pug felt Tomas's hand clutching his shoulder. He turned to see a rapt expression on Tomas's face. ""She's beautiful,"" said the taller boy. Pug returned his attention to the welcome. He was forced to agree that the Queen of the elves was indeed beautiful, if not in entirely human terms. Her eyes were large and a pale blue, nearly luminous in the gloom. Her face was finely chiseled, with high cheekbones and a strong but not masculi...",courtyard,gate,Extracted from page 68
crydee_058,Magician,69,canon,architecture,"as if he were going to break down and run. ""Me? Dine in the great hall?"" His face went white. ""Talk? To the Queen?"" Pug laughed with glee. ""It's easy. You open your mouth and words come out."" Tomas swung a roundhouse at Pug, who ducked under the blow, grabbing his friend from behind when he spun completely around. Pug had strength in his arms even if he lacked Tomas's size, and he easily picked his larger friend off the ground. Tomas struggled, and soon they were laughing uncontrollably. ""Pug...",great hall,table,Extracted from page 69
crydee_059,Magician,70,unknown,architecture,"arrived in Crydee, his differences soon were settled peacefully as often as not. Now there was this dark tension between Pug and Roland, and Pug found himself wishing he was Tomas's equal in fighting; Tomas was the only boy Roland was unable to best with fists, their one encounter ending quickly with Roland receiving a sound thumping. For as certain as the sun was rising in the morning, Pug knew a confrontation with the hotheaded young Squire was quickly approaching. He dreaded it, but knew o...",,"table, bed, door, chair",Extracted from page 70
crydee_060,Magician,71,unknown,architecture,"you have seen proof with your own eyes. If you think it would be helpful, the boys can recount the events on the ship."" The queen inclined her head, but it was Tathar who spoke. ""I would like to hear the story firsthand, Your Grace."" Borric motioned for the boys to approach. They stepped forward, and Tathar said, ""Which of you found this outworlder?"" Tomas threw Pug a look that indicated the shorter boy should do the talking. Pug said, ""We both did, sir,"" not knowing the proper address for th...",,table,Extracted from page 71
crydee_061,Magician,72,canon,architecture,"like the ones used by Keshian dog-soldiers."" Calin spread his hands. ""Kesh has long been gone from these lands, and when we knew the Empire, they used simple bows of yew or ash."" Algon interrupted in excited tones. ""They have a way, secret to them, of fashioning such bows from wood and animal horn. They are small, but possess great power, though not as much as the longbow. Their range is surprisingly-"" Borric cleared his throat pointedly, being unwilling to let the Horse-master indulge himsel...",Tower,"table, bed",Extracted from page 72
crydee_062,Magician,73,canon,architecture,"Stone Mountain and the Grey Towers."" Aglaranna said, ""It would be good to hear what the dwarven folk know."" Borric said, ""I had hoped for word by now, but our messengers have not returned, nor have the pigeons they carry."" Lyam said, ""Hawks, perhaps. The pigeons are not always reliable, or perhaps the messengers never reached the dwarves."" Borric turned to Calin. ""It has been forty years since the siege of Carse, and we have had little traffic with the dwarves since. Who commands the dwarven ...","Tower, kitchen","stair, chair, window, door",Extracted from page 73
crydee_063,Magician,74,canon,architecture,"kitchen now that Meecham has gone."" Calin inquired who Meecham was. Pug explained, adding, ""Kulgan has sent him over the mountains to Bordon, with some of the Duke's guards, before the North Pass is snowed in. He didn't say why he was going, Highness."" Calin looked at one of the boy's books. ""I prefer to be called Calin, Pug."" Pug nodded, pleased. ""Calin, what do you think the Duke has in mind?"" The elf gave him an enigmatic smile. ""The Duke will reveal his own plans, I think. My guess is tha...",kitchen,,Extracted from page 74
crydee_064,Magician,76,canon,architecture,made a hash of things. Half the keep boys think themselves in love with,,,Extracted from page 76
crydee_065,Magician,78,canon,architecture,"TheRE WAs a somber mood throughout Castle Crydee the next morning. 'the servants' gossip had spread the news about the Tsurani, though the details were lacking. Everyone went about his duties with one ear open for a tidbit of speculation on what the Duke was going to do. Everyone was agreed to one thing: Borric conDoin, Duke of Crydee, was not a man to sit idly by waiting. Something would be done, and soon. Pug sat atop a bale of hay, watching Tomas practice with a sword, swinging at a pell p...",courtyard,"bed, gate, door",Extracted from page 78
crydee_066,Magician,79,canon,architecture,"be a soldier, and the Queen will reign in Elvandar long after we are dead."" Tomas playfully jumped atop his friend, wrestling him down in the straw. ""Oh! Is that so. Well, I will too go to Elvandar someday."" He pinned Pug under him, sitting atop his chest. ""And when I do, I'll be a great hero, with victories over the Tsurani by the score. She'll welcome me as an honored guest. What do you think of that?"" Pug laughed, trying to push his friend off. ""And I'll be the greatest magician in the lan...","tower, kitchen","stair, wall",Extracted from page 79
crydee_067,Magician,80,canon,architecture,"wall. Pug spoke first. ""We were trying to carry the stone down to the yard, and it sort of slipped."" ""Sort of slipped? It looked more like a mad dash for freedom. Now, why were you carrying the stone, and where did it come from?"" ""It's the loose one from my wall,"" answered Pug. ""We took it out so that Gardell could put the last pipe in place."" When Kulgan still appeared uncomprehending, Pug said, ""It's for my fire pot hood, remember?"" ""Ah,"" said Kulgan, ""yes. Now I do."" A servant arrived to i...",,"stair, wall, bed, gate",Extracted from page 80
crydee_068,Magician,81,canon,architecture,"smiled broadly. ""I guess we're better off keeping you together, so we need look for trouble in only one place. Tomas, too. I'll arrange things with Fannon."" Tomas shouted, and the two boys slapped each other on the back. Pug said, ""When do we leave?"" Kulgan laughed. ""In five days' time. Or sooner, if the Duke hears from the dwarves. Runners are being sent to the North Pass to see if it is clear. If not, we ride by the South Pass."" Kulgan departed, leaving the two boys dancing arm in arm and w...",COURtyARD,,Extracted from page 81
crydee_069,Magician,83,implied,architecture,"beneath Roland's next blow. Under Roland's guard, Pug lunged, catching the other boy in the stomach with his shoulder, knock-ing him down again. Pug fell on top of him and struggled to pin the larger boy's arms to his side. Roland struck out, catching Pug's temple with an elbow, and the dazed magician's apprentice fell away, momentarily confused. As he rose to his feet again, pain exploded in Pug's face, and the world tilted once more. Disoriented, unable to defend himself, Pug felt Roland's ...",,,Extracted from page 83
crydee_070,Magician,84,canon,architecture,"directly at Pug, then guardedly asked, ""And you?"" Pug sprawled on the ground, feeling some strength returning. ""I . . . I'm not sure. She makes me doubt myself. I don't know. Sometimes I think of no one else, and other times I wish I were as far from her as I could be."" Roland indicated understanding, the last residue of fear draining away. ""where she's concerned, I don't have a whit of wit."" Pug giggled. Roland looked at him, then also began to laugh. ""I don't know why,"" said Pug, ""but for s...",,,Extracted from page 84
crydee_071,Magician,85,canon,architecture,"walking the length of the court, from the soldiers' commons to the side gate, in full rstood a chain mail over gambeson, full helm, and heavy metal greaves over knee boots. On one arm he bore a greater shield, and in the other hand he held a heavy spear, twelve feet long and iron-tipped, which bore down cruelly upon his right shoulder. It also gave him a comic appearance, as it caused him to lean a little to the right and wobble slightly as he struggled to keep it balanced while he marched. T...",,gate,Extracted from page 85
crydee_072,Magician,86,implied,architecture,"case the length of the yard before the soldiers' commons. With a laugh, Roland said, ""What is this? Special drills?"" Gardan stood with one hand on his sword, the other pointed at Tomas. ""Swordmaster Fannon felt it might prove beneficial to our young warrior if someone was here to see his drilling didn't become sloppy from exhaustion or some other petty inconvenience."" Dropping his voice a bit, he added, ""He's a tough lad, he'll be fine, if a little foot-sore."" ""Why the special drilling?"" aske...",,,Extracted from page 86
crydee_073,Magician,87,implied,architecture,"blade. I thought the other soldiers would hurt themselves holding in the laughter when he said, 'If you judge yourself skilled enough with the sword, perhaps you'd care to spend your time learning the proper way to walk post with a poll arm.' All day walking punishment,"" he added woefully. ""I'll die."" They passed Roland and Gardan, and Pug struggled to feel sympathy. Like the others, he found the situation comical. Hiding his amusement, he lowered his voice to a conspiratorial tone and said, ...",,,Extracted from page 87
crydee_074,Magician,88,unknown,architecture,"Crydee!"" So saying, he poured the contents of the cup over the struggling boy's face. Pug belched, then said, ""As do I."" He poured what remained in his cup over his friend. Tomas spat ale, laughing as he said, ""Right! I was right!"" Struggling against the weight upon him, he said, ""Now get off! Or need I remind you, Roland, of who gave you your last bloody nose?"" Roland moved off very slowly, intoxicated dignity forcing him to move with glacial precision. ""Quite right."" Turning toward Pug, who...",,,Extracted from page 88
crydee_075,Magician,89,canon,architecture,"I? And what about a certain young apprentice soldier, well-known hereabouts, who has been seen sneaking into the larder with a certain kitchen girl?"" He leaned back and with a look of mock concern etched upon his face added, ""I'd hate to think what would happen to him should Neala find out ' Tomas's mouth fell open. ""You wouldn't . . . you couldn't!"" Roland lay back, holding his sides. ""Never have I seen such a fair impersonation of a freshly landed fish!"" He sat up, crossed his eyes, and ope...","tower, kitchen","stair, bed, door",Extracted from page 89
crydee_076,Magician,90,canon,architecture,"""Where is that dragon thing you keep about?"" Pug's eyes focused a little, and marshaling his balky tongue, he said, ""Fantus? He's off somewhere, doing whatever it is firedrakes do."" Removing her cloak, she said, ""Good. He frightens me."" She sat on Pug's unmade pallet and looked sternly at him. ""I want to speak with you."" Pug's eyes went wide, and he stared, for Carline was wearing only a light cotton sleeping gown.' While covering her from neck to ankles, it was thin and clung to her figure w...",kitchen,bed,Extracted from page 90
crydee_077,Magician,91,canon,architecture,"jump off the wall, he'd do it."" ""Carline,"" Pug nearly whined, ""why have-"" His question was cut off as she leaned forward and covered his mouth with her own. The kiss was one-sided, for Pug was too stunned to respond. She quickly sat back, leaving him agape, and she said, ""Well?"" Lacking any original response, Pug said, ""What?"" Her eyes flashed. ""The kiss, you simpleton."" ""Oh!"" said Pug, still in shock. ""It was . . . nice."" She rose and looked down on him, her eyes widening with mixed anger an...",kitchen,"wall, window",Extracted from page 91
crydee_078,Magician,92,canon,architecture,"this other matter, my studies of magic. I must keep trying until I'm satisfied I made the wrong choice. Or until Kulgan dismisses me,"" he added quietly. He stopped and studied her face. Her large blue eyes watched him intently. ""Magicians are of little consequence in the Kingdom. I mean, should I become a master magician . . . Well, could you see yourself married to a magician, whatever his rank?"" She looked slightly alarmed. Quickly she leaned over and kissed him again, rupturing his already...",,,Extracted from page 92
crydee_079,Magician,94,canon,architecture,"tower. With no hint of anyone nearby, he opened the door fully. She stepped through, then turned. Softly she said, ""I know you think me a sometimes silly and vain girl, and there are times when I am, Pug. But I do love you."" Before he could say a word, she vanished down the stairs, the faint rustling of her cloak echoing in the darkness. Pug quietly closed the door and then put out the lamp. He lay upon his pallet, staring up into the darkness. He could still smell her fresh scent in the air ...",tower,"stair, table, door",Extracted from page 94
crydee_080,Magician,95,canon,architecture,"blanched. ""You heard?"" Kulgan pointed to a spot where the floor and wall met. ""That fire-pot thing of yours exits the wall a foot below there, and it seems a marvelous conduit for sound."" Absently he said, ""I'll have to look to see how it conducts sound so well when we return."" Returning to the boy, he said, ""In any event, I was working late and didn't mean to eavesdrop, but I heard every word."" Pug flushed. Kulgan said, ""I don't mean to embarrass you, Pug. You acted rightly and showed surpri...",,wall,Extracted from page 95
crydee_081,Magician,96,canon,architecture,"company made ready. The courtyard filled with hurrying, shouting men, lashing supplies onto the balky mules of the baggage train. Dawn was just commencing, giving the courtyard a little cdor instead of the blacks and grey that had greeted Pug when he came from the tower. Porters had already carried his baggage down and were securing it among the other items being brought along. A panicked ""Whoa!"" erupted behind Pug, and he turned to see Tomas pulling frantically at the reins of a spirited bay...","tower, courtyard",,Extracted from page 96
crydee_082,Magician,97,canon,architecture,"very strange for a while, but you've got to keep your heels down. I'll remind you until you're sick of hearing it, but it'll keep you out of trouble when you do it without thought. And don't try to grip with your knees; that's wrong, and it'll make your legs so sore, you'll hardly be able to walk by tomorrow."" He went on with a few basic instructions and inspected the cinch, which was loose. He tried tightening it, and the horse sucked air. Pug struck the gelding a blow in the side, and the a...",,"table, bed",Extracted from page 97
crydee_083,Magician,98,canon,architecture,"sheepishly. The doors to the keep opened, and the Duke and Arutha came out, accompanied by Kulgan, Tully, Lyam, and Roland. Carline followed, with Lady Marna behind. The Duke and his companions made their way to the head of the column, but Carline hurried down to where Pug and Tomas sat. As she passed, guardsmen saluted her, but she paid them no heed. She reached Pug's side, and when he bowed politely, she said, ""Oh, get off that stupid horse."" Pug climbed down, and Carline threw her arms aro...",,"bed, door",Extracted from page 98
crydee_084,Magician,99,canon,architecture,"five pairs of guards. Slowly at first, then with increasing speed, they moved through the gates of the castle and down the south road. THEY HAD BEEN riding for three days, the last two through dense woodlands. Martin Longbow and his men had turned east that morning as they crossed the southern branch of the river Crydee, called river Boundary. It marked the border between Crydee and the Barony of Carse, one of Lord Borric's vassal provinces. The sudden snows of early winter had come and drape...",kitchen,gate,Extracted from page 99
crydee_085,Magician,100,canon,architecture,"prearranged locations, two troops of guards from the keep at Carse were waiting for them with fresh horses. Duke Borric had sent pigeons south with instructions for Baron Bellamy, who sent a reply the same way that horses would be waiting. The remounts and guards would be hurrying to the meeting places from the Jonril garrison, maintained by Bellamy and Tolburt of Tulan near the edge of the great forests. By changing mounts, the Duke would save three, perhaps four days of travel to Bordon. Lo...",Tower,,Extracted from page 100
crydee_086,Magician,101,implied,architecture,"camp, where a large fire was burning. The soldiers were erecting rude shelters against the night wind, as they had each' night of the journey. Borric saw two mules with the horses and noted that bales of hay had been brought along. Arutha followed his gaze. ""Bellamy is a prudent man, he serves Your Grace well."" Kulgan, Gardan, and the boys approached the two nobles, who stood warming themselves before the fire. Darkness was descending Quickly; even at noon there was little light in the snow-s...",,,Extracted from page 101
crydee_087,Magician,102,canon,architecture,"slow pace. On and on they rode, at times having to stop while guards drew swords and cut at the brush before them, their sword blows echoing through the stillness of the forest as they followed the narrow path left by the trackers. Pug was lost in thoughts of Carline when, later, a shout erupted from the front of the column, out of sight of the boys. Suddenly the horse-men near Pug and Tomas were charging forward, oblivious to the thicket around them, dodging low-hanging branches by instinct....",,,Extracted from page 102
crydee_088,Magician,103,implied,architecture,"Panting horses and exhausted guards gathered around. Pug was relieved to see Tomas beside Kulgan and Gardan. When the last rider approached, Lord Borric said, ""How many?"" Gardan surveyed the survivors and said, ""We've lost eighteen men, have six wounded, and all the mules and baggage were taken."" Borric nodded. ""Rest the horses a moment. They'll come."" Arutha said, ""Are we to stand, Father?"" Borric shook his head. ""There are too many of them. At least a hun-dred struck the clearing."" He spat....",,,Extracted from page 103
crydee_089,Magician,104,canon,architecture,"swallowed hard and admitted to himself he was badly scared. The grim faces of the nearby soldiers told him he was not alone in that feeling. More time passed as they raced through the dark corridors of the Green Heart. Every advance along the escape route was accompanied by the echoing cries of Dark Brothers as they alerted others of the fugitives' route. Occasionally Pug would spy a shape loping along in the distance, quickly lost in the darkness of the trees as it ran a parallel course. The...",,wall,Extracted from page 104
crydee_090,Magician,105,canon,architecture,"keep to this route. On my command, wheel to the right and charge."" He waited as every man readied weapons and made silent prayers to their gods that the horses could withstand one more gallop. Then the Duke shouted, ""Now!"" As a body, the column wheeled to the right, and riders spurred their flagging mounts. Arrows came pouring from the trees, and men and horses screamed. Pug ducked under a branch, desperately holding on to the reins while he fumbled with sword and shield. He felt the shield s...",Tower,,Extracted from page 105
crydee_091,Magician,106,unknown,architecture,"frightened to speak. A nearby guard motioned for Pug to be silent, and",,,Extracted from page 106
crydee_092,Magician,107,implied,architecture,"the young Squire nodded. Gardan and several guards, with the Duke and Arutha, took up position near the front of the company, weapons ready should the ploy fail. Shouts grew louder as the Dark Brotherhood returned along their trail. Kulgan stood near the Duke, enchanting quietly, gathering more mist around him, then sending it forth. Pug knew the mist would be ex-panding rapidly, shrouding a continuously larger area as long as Kulgan continued to incant. Every extra minute would encompass mor...",,,Extracted from page 107
crydee_093,Magician,108,implied,architecture,"fifty guardsmen who had set out with the Duke from Crydee, thirteen remained. Only six horses had survived the day. As they had faltered, the others had been quickly put down by silent, tight-lipped riders. They trudged upward, climbing higher into the foothills. The sun had set, but the Duke ordered them onward, fearful of the return of their pursuers. The men stepped cautiously forward, tentative in the rough terrain at night. The darkness was punctuated by softly uttered oaths as men lost ...",,bed,Extracted from page 108
crydee_094,Magician,109,canon,architecture,"guard. The sergeant looked at the Duke and said, ""Died in the night, Your Grace."" He shook his head as he added, ""He took a wound and never spoke of it."" Pug counted, besides himself, Tomas, Kulgan, the Duke, and his son, there were now just twelve soldiers. Tomas looked up at Pug, who had climbed ahead, and said, ""Where are we going?"" Pug noticed he whispered. He inclined his head upward and said, ""To see what's over there."" Tomas nodded, and they continued their climb. Stiff fingers pro-tes...",Tower,bed,Extracted from page 109
crydee_095,Magician,110,canon,architecture,"Dark Brotherhood trackers from following. Every hour guards had been sent back to cut false trails over their own, pulling blankets taken from the dead horses behind, obscuring the tracks as best they could. They stood at the edge of a clearing, a circle of bare rock surrounded on all sides by scattered pines and aspens. The trees had grown progressively thinner as they moved up into the mountains, staying on the rougher, higher terrain rather than risk being followed. Since dawn they had mov...",Tower,,Extracted from page 110
crydee_096,Magician,111,canon,architecture,"were only ten soldiers left. Two dAYS LAtER the howling winds came, icy knives ripping at exposed flesh. Cloaks were gathered around each figure tramping slowly northward, leaning into the wind. Rags had been torn and tied around boots in a feeble attempt to hold off frostbite. Pug tried vainly to keep his eyelashes free of ice, but the harsh wind made his eyes tear, and the drops quickly froze, blurring his vision. Pug heard Kulgan's voice above the wind. ""My lord, a storm comes. We must fin...",,,Extracted from page 111
crydee_097,Magician,112,canon,architecture,"of the fire, speaking with a guard. The Duke sat nearby, in quiet conversation with his son and Kulgan. Beyond Gardan and the guard, Pug could see only blackness. He couldn't remember what time of day it had been when they found the cave, but he and Tomas must have slept for hours. Kulgan saw them stirring and came over. ""How do you feel?"" he asked, a look of concern on his face. The boys indicated they felt all right, considering the circumstances. Pug and Tomas doffed their boots at Kulgan'...",,wall,Extracted from page 112
crydee_098,Magician,113,implied,architecture,"by the men from Crydee. Curses and oaths sounded, and swords rang out in the close confines of the cave. Guards and attackers stood face-to-face, unable to move more than a few feet. Several of the Duke's men dropped swords and pulled daggers from their belts, better for close fighting. Pug grabbed his sword and looked for an attacker, but found none. In the dancing light of the fire, he could see the attackers were outnumbered by the remaining guards, and as two or three' men of Crydee grapp...",,bed,Extracted from page 113
crydee_099,Magician,114,implied,architecture,"The guards who had carried the bodies off into the snow ran back into the cave. ""Your Grace,"" one of them said, ""we hear movement in the trees."" Borric turned to the others. ""Get ready!"" Every man in the cave quickly readied his weapons. Soon all could hear the tread of feet crunching through the icy snow. It grew louder as they waited, getting closer. Pug stood tensely, holding his sword, pushing down a churning feeling inside. Suddenly the sounds of footfalls stopped, as those outside halte...",,,Extracted from page 114
crydee_100,Magician,115,canon,architecture,"Several of the guards laughed, as did the closest dwarf. The dwarf fixed Tomas with a wry gaze, saying, ""What were you expecting, boy? Some pretty dryad come to fetch you away?"" The lead dwarf walked into the firelight. He stopped before the Duke and said, ""From your tabard, I see you to be men of Crydee."" He struck himself upon the chest and said, formally, ""I am Dolgan, chief of village Caldara, and Warleader of the Grey Towers dwarven people."" Pulling a pipe out of his cloak, from under a ...",Tower,table,Extracted from page 115
crydee_101,Magician,116,canon,architecture,"investigate. They found entire villages abandoned, both goblin and moredhel. Some were sacked, but others stood empty without sign of trouble. ""Needless to say, the displacement of those miscreants caused an increase in problems for us. Our villages are in the higher meadows and plateaus, so they dare not attack, but they do raid our herds in the lower valleys as they pass-which is why we now mount patrols down the mountainside. With the winter upon us, our herds are in our lowest meadows, an...",,gate,Extracted from page 116
crydee_102,Magician,117,canon,architecture,"others are walled hill forts, with a hundred, two hundred warriors to man the palisade. They've swept away a dozen such in little over a month. How many men do you judge you'd need to accomplish such a deed, Lord Borric?"" For the first time in his memory, Pug saw fear clearly etched upon the Duke's face. Borric leaned forward, his arm resting across his knee, as he said, ""I've fifteen hundred men in Crydee, counting those in the frontier garrisons along the boundary. I can call another eight ...",,wall,Extracted from page 117
crydee_103,Magician,118,canon,architecture,"throughout these mountains, ancient tunnels under the Grey Towers. Many were carved by my people as we dug for iron and gold. Some are natural, fashioned when the mountains were born. And still others were here when my people first came to these mountains, dug by only the gods know whom. There is one mine that passes completely under the mountains, coming out on the other side of the range, only a day's march from the road to Bordon. It will take two days to pass through, and there may be dan...",Tower,,Extracted from page 118
crydee_104,Magician,119,canon,architecture,"DoLcAN LED the Duke's party along the rocky foothills of the Grey Towers. They had left at first light, the dwarven chieftain's sons departing for their own destinations with their men. Dolgan walked before the Duke and his son, followed by the puffing Kulgan and the boys. Five soldiers of Crydee, those still able to continue, under the supervision of Sergeant Gardan followed behind, leading two mules. Walking behind the struggling magician, Pug said, ""Kulgan, ask for a rest. You're all done ...",Tower,,Extracted from page 119
crydee_105,Magician,120,canon,architecture,"said, ""Keep alert, for only the gods know what is living in these tunnels. We should not be troubled, but it is best to be cautious."" Pug entered and, as the gloom enveloped him, looked over his shoulder. He saw Gardan outlined against the receding light. For a brief instant he thought of Carline, and Roland, then wondered how she could seem so far removed so quickly, or how indifferent he was to his rival's attentions. He shook his head, and his gaze returned to the dark tunnel ahead. ThE TU...",,wall,Extracted from page 120
crydee_106,Magician,121,canon,architecture,"He puffed at his pipe, and the balance of the guards came over to eat. Dolgan said, ""Well, we had best be on our way."" Tomas looked startled. ""I thought we were stopping for the night."" ""The sun is yet high in the sky, laddie. There's half the day left before we sleep."" ""But I thought . . ."" ""I know. It is easy to lose track of time down here, unless you have the knack of it."" They gathered together their gear and started off again. After more walking they entered a series of twisting, turnin...",Tower,wall,Extracted from page 121
crydee_107,Magician,122,unknown,architecture,"The boys were relieved of guard duty and ate. As soon as they were done eating, they spread their cloaks. Pug found the hard dirt floor uncomfortable, but he was very tired, and sleep soon overtook him. TheY LED the mules deeper into the mines, the animal's hooves clattering on the stone, the sound echoing down the dark tunnels. They had walked the entire day, taking only a short rest to eat at noon. Now they were approaching the cavern where Dolgan said they were to spend their second night....",,table,Extracted from page 122
crydee_108,Magician,123,canon,architecture,"Dolgan laughed, the rich, hearty sound echoing off the cavern walls. ""It is not that the place suits my nature, Lord Borric, but rather that my nature suits the place. I can travel easily under the mountains, and my folk have ever been miners. But as to choice, I would rather spend my time in the high pastures of Caldara tending my herd, or sit in the long hall with my brethren, drinking ale and singing ballads."" Pug asked, ""Do you spend much time singing ballads?"" Dolgan fixed him with a fri...",kitchen,wall,Extracted from page 123
crydee_109,Magician,124,canon,architecture,"Gardan pushed the boys forward, and the guards moved the mules to the center of the cavern. They quickly staked the two mules down and formed a circle around the frantic animals. Weapons were drawn. Gardan placed himself before the two boys, forcing them back near the mules. Both had swords out, but held them uncertainly. Tomas could feel his heart pound, and Pug was bathed in cold sweat. The terror that gripped him had not increased since Dolgan had put a name to it, but it had not lessened ...",,,Extracted from page 124
crydee_110,Magician,125,canon,architecture,"soldier. He understands."" Pug was pulled along helplessly. He saw the wraith follow along for a moment, then stop and turn toward Tomas. Whether alerted by Pug's cries or by some evil sense, the undead creature started toward Tomas, slowly stalking him. The boy hesitated, then spun and ran to another tunnel. The wraith shrieked and started after him. Pug saw the glow of Tomas's torch disappear down the tunnel, then flicker into blackness. ToMAs sAw the pained expression on Pug's face as Garda...",,wall,Extracted from page 125
crydee_111,Magician,126,canon,architecture,"bodies of mules and guards lying in his path. He paused long enough to grab a fresh torch, for his was nearly spent, and transferred the flame. He looked backward to see the undead creature closing on him and started off again. Hope briefly flickered in his breast, for if he could pick the proper corridor, he might catch up to the others. Dolgan had said that from this cavern it was a straight journey to the surface. He picked what he thought was the proper one, though he was disoriented and ...",,wall,Extracted from page 126
crydee_112,Magician,127,canon,architecture,"landing and the cavern wall. Crossing to it, he pulled out several pieces and started a small fire. The wood was mostly timber pieces, used to shore up the tunnels, but mixed in were several branches and twigs. They must have been brought down by the falls from above, where the river enters the mountain, he thought. Underneath the pile he found some fibrous weeds growing. Wondering at the plants' ability to grow without sunlight, the boy was nevertheless thankful, for after cutting them with ...",,wall,Extracted from page 127
crydee_113,Magician,128,canon,architecture,"but felt good about keeping his head under these conditions and was sure Swordmaster Fannon would approve of his actions. After walking for a while, he came to an intersection. He found the bones of a creature in the dust, its fate unknowable. He spotted the tracks of some other small creature leading away, but they were faint with age. With no other notion than the need for a clear path, Tomas followed them. Soon they also vanished in the dust. He had no means to reckon time, but thought tha...",,wall,Extracted from page 128
crydee_114,Magician,129,implied,architecture,"guards awakened, Dolgan had left them to watch over the others and had snared a brace of rabbits. These were roasting over a fire. The others awoke, except Kulgan, who snored deeply. Arutha and the Duke saw the boy wake, and the Prince came to where he sat. The younger son of the Duke, ignoring the snow, sat on the ground next to Pug, who had his cloak wrapped around him. ""How do you feel, Pug?"" Arutha asked, concern showing in his eyes. This was the first time Pug had seen Arutha's gentler n...",,,Extracted from page 129
crydee_115,Magician,131,canon,architecture,"""It is we who are in your debt, Dolgan. If you come to Crydee, we will have that meal you were promised. That, and more. May good fortune go with you."" ""Thank you, Your Lordship. I'll look forward to it."" Without another word, Dolgan walked into the blackness of Mac Mordain Cadal. DoLcAN stoPPED by the dead mules, pausing only long enough to pick up food, water, and a lantern. The dwarf needed no light to make his way underground-his people had long ago adapted other senses for the darkness. ...",,"bed, wall",Extracted from page 131
crydee_116,Magician,132,canon,architecture,"The dragon's voice rumbled through the great hall, echoing like thunder through a valley. ""Welcome, dwarf. Thy friend hath told me that thou wouldst not forsake him."" Tomas stood before the dwarf, asking a dozen questions, while Dolgan's senses reeled. Behind the boy, the Prince of all dragons sat quietly observing the exchange, and the dwarf was having trouble maintaining the equanimity that was normally his. Making little sense of Tomas's questions, Dolgan gently pushed him to one side to b...",great hall,,Extracted from page 132
crydee_117,Magician,133,canon,architecture,"the living rock of the mountain. On all its walls could be seen large tapestries and banners, faded and torn; something about their look set Dolgan's teeth on edge, for they were as alien as they were ancient-no creature he knew of, human, elf, or goblin fashioned those pennants. More of the giant crystal chandeliers hung from timbers across the ceiling. At the far end of the hall, a throne could be seen on a dais, and long tables with chairs for many diners stood before it. Upon the tables w...",,"table, wall, chair",Extracted from page 133
crydee_118,Magician,135,canon,architecture,"""Thy thanks are welcome, Dolgan of the Grey Towers. I am glad of thy coming also. It is only a little longer that I could shelter the boy, for I summoned Tomas to my side by magic arts, so he might sit my deathwatch."" ""What?"" exclaimed Tomas. ""It is given to dragons to know the hour of their death, Tomas, and mine is close. I am old, even by the measure of my people, and have led a full life. I am content for it to be so. It is our way."" Dolgan looked troubled. ""Still, I find it strange to si...",Tower,bed,Extracted from page 135
crydee_119,Magician,136,canon,architecture,"victor, not the vanquished."" He paused and swallowed, and Tomas could see that speech was coming to him with more difficulty. ""If a dragon could not have attended my deathwatch, I would as soon have him sit here, for he was the first of thy kind, boy, that I would count a friend."" ""Who was he, Rhuagh?"" Tomas asked. ""He was called Macros "" Dolgan looked thoughtful. ""I've heard his name, a magician of most puissant arts. He is nearly a myth, having lived somewhere to the east."" ""A myth he is no...",,wall,Extracted from page 136
crydee_120,Magician,137,canon,architecture,"faint humming could be heard, as if the walls of the hall reverberated with fey music. The sound increased as the light grew brighter and began to pulse with energy. Tomas and Dolgan watched as the discolored patches faded from Rhuagh's scales. His hide shone with golden sparkle, and the film started to lift from his eyes. He slowly raised his head, and they knew he could again see the hall around him. His crest stood erect, and his wings lifted, showing the rich silver sheen underneath. The ...",,wall,Extracted from page 137
crydee_121,Magician,138,unknown,architecture,"than what he had worn at Crydee. The boy said, ""I don't feel like taking anything else, Dolgan. I suppose that sounds strange."" Dolgan walked over to him. ""No, boy, for I also wish nothing of the dragon's riches."" With a backward glance at the hall, he added, ""Though there will be nights to come when I will wonder at the wisdom of that. I may return someday, but I doubt it. Now let us find a way home."" They set off and soon were in tunnels Dolgan knew well, taking them to the surface. DoLcAN ...",,,Extracted from page 138
crydee_122,Magician,140,canon,architecture,"northern valley in the Grey Towers, heading toward the Green Heart. Something still drives them south."" ""The Tsurani?"" Dolgan nodded. ""My thought also. Come. We had best return to Caldara as quickly as we can."" They set off and soon were in tunnels Dolgan knew well, taking them to the surface and home. TheY WERE Both exhausted when they reached Caldara five days later. The snows in the mountains were heavy, and the going was slow. As they approached the village, they were sighted by guards, a...",Tower,"table, door, chair",Extracted from page 140
crydee_123,Magician,141,canon,architecture,"Towers."" The dwarf addressed as Orwin nodded. ""Indeed it is, but there is naught we can do until spring."" Dolgan put his feet up on the table, lighting a pipe. ""And that is true also. But we can be thankful the Tsurani can do naught until spring, as well."" Tomas put down a joint of beef he was holding. ""Has the blizzard struck?"" Dolgan looked at him. ""Aye, laddie, the passes are all solid with snow, for the first winter blizzard came upon us last night. There will be nothing that can move out...",Tower,table,Extracted from page 141
crydee_124,Magician,142,canon,architecture,"standards, little more than a seaport town, but far larger than Crydee. Everywhere he looked, people were hurrying about on unknown tasks, busy and preoccupied. Little attention was paid the travelers except for an occasional glance from a shopkeeper or a woman at market. Never had the boy seen so many people, horses, mules, and wagons all in one place. It was a confusion of colors and sounds, overwhelming his senses. Barking dogs ran behind the rangers' horses, nimbly avoiding kicks by the i...",,door,Extracted from page 142
crydee_125,Magician,143,canon,architecture,"They reached the house and entered an open gate in a low wall, where servants ran to take their horses. As they dismounted, their host came through the large entrance to the house. ""Welcome, Lord Borric, welcome,"" he said, a warm smile splitting his gaunt face. Talbott Kilrane looked like a vulture reincarnated into human form, with a balding head, sharp features, and small, dark eyes. His expensive robes did little to hide his gauntness, but there was an ease to his manner, and a concern in ...",,"bed, wall, gate",Extracted from page 143
crydee_126,Magician,144,canon,architecture,"you a razor so you can keep your chin bare like Prince Arutha? Or do you wish to cultivate a magnificent beard?"" He exaggeratedly brushed his own grey beard. Pug smiled for the first time since leaving Mac Mordain Cadal. ""I think I can leave off worrying about it for a time."" Kulgan laughed, glad to see the boy's spirits returning. The magician had been troubled at the depth of Pug's mourning for Tomas and was relieved to see the boy's resilient nature assert itself. Kulgan held the door open...",,"table, door, chair",Extracted from page 144
crydee_127,Magician,147,canon,architecture,"""Macros is very old,"" Kulgan continued. ""By what arts he keeps alive, only he knows, but he has lived there over three hundred years."" Gardan scoffed, ""Or several men by the same name have lived there."" Kulgan nodded. ""Perhaps. In any event, there is nothing truly known about him, except terrible tales told by sailors. I suspect that even if Macros does practice the darker side of magic, his reputation is greatly ' inflated, perhaps as a means of securing privacy."" A loud cracking noise, as i...",tower,window,Extracted from page 147
crydee_128,Magician,148,canon,architecture,"no business."" Pug looked up toward the castle, his glance noted by the magician. ""we'll keep clear of that castle and the road up from the beach, to be sure. The tales of this island only speak of ill coming to those who seek to enter the sorcerer's halls."" Arutha signaled a seaman. A boat was readied, and the four men and the boy got aboard. The boat was hauled over the side and lowered by a crew sweating despite the cold wind that still blew after the storm. By the glances they kept throwin...",,table,Extracted from page 148
crydee_129,Magician,149,canon,architecture,"castle could be seen to dip behind another crest. Kulgan said, ""It must lead somewhere. Shall we continue?"" Arutha nodded, and the others . said nothing. They continued their journey until they came to a small valley, little more than a dell, between two ranges of low hills. On the floor of the valley sat some buildings. Arutha said softly, ""What do you think, Kulgan? Are they inhabited?"" Kullgan studied them for a moment, then turned to Meecham, who stepped forward. The franklin inspected th...","tower, courtyard","gate, window, bed, wall, door",Extracted from page 149
crydee_130,Magician,150,canon,architecture,"came down the hill."" He turned to stare up at the castle, the highest spires of which could still be seen from the valley. ""There is where you build for trouble. This place,"" he said, indicating the low buildings with a sweep of his hand, ""was fashioned by those who knew little of strife."" Pug nodded as he moved away. Gardan and Meecham headed in a different direction, toward an abandoned stable. Pug moved around to the back of the house and found several smaller buildings. He clutched his kn...","courtyard, kitchen","table, wall, door, gate",Extracted from page 150
crydee_131,Magician,151,canon,architecture,"down before him. Out of the wall opposite obtruded a brass fish head, hanging over the pool. The nature of the room was beyond Pug. As if someone had read his thoughts, a voice from behind said, ""It is a tepidarium."" Pug turned and saw a man standing behind him. He was of average height, with a high forehead and deep-set black eyes. There were streaks of grey at the temples of his dark hair, but his beard was black as night. He wore a brown robe of simple material, a whipcord belt around the ...",,"table, wall, door",Extracted from page 151
crydee_132,Magician,152,canon,architecture,"Pug said, ""We are of Crydee,"" and gave the man a brief description of the journey. The man asked a few simple questions, and without being aware of it, Pug found that soon he had given a full accounting of the events that had brought them to the island, and the plans for the rest of the journey. When he had finished, the traveler said, ""That is a wondrous story indeed. I should think there will be many more wonders before this strange meeting of worlds is finished."" Pug questioned him with a ...",courtyard,,Extracted from page 152
crydee_133,Magician,153,canon,architecture,"arm. ""I abide here, Prince of Crydee. I should think that the question better serves me."" The Prince stiffened at being addressed so, but after a tense moment relaxed. ""If that is so, then you are correct, for we are the intruders. We came seeking relief from the solitary confines of the ship. Nothing more."" The traveler nodded. ""Then you are welcome at Villa Beata."" Kulgan said, ""What is Villa Beata?"" The traveler made a sweeping motion with his right hand. ""This home is Villa Beata. In the ...",,,Extracted from page 153
crydee_134,Magician,154,canon,architecture,"and overboasted, to keep intruders away. I doubt he is capable of the feats attributed to him."" Arutha said, ""Then perhaps we should visit this sorcerer."" The hermit looked at the Prince. ""I don't think you would find a welcome at the castle. The sorcerer is oftentimes preoccupied with his work and suffers interruption with poor grace. He may not be the mythical author of all the world's ills that some imagine him to be, but he could still cause more trouble than it is worth to visit him. On ...",,bed,Extracted from page 154
crydee_135,Magician,155,canon,architecture,"come that our meeting was not by chance. Until we meet again, keep the hermit's staff as a sign of friendship and goodwill. Seek me not until the appointed time, for that too is foreordained. Macros."" Kulgan handed the message back to Pug, who read it. ""Then the hermit was Macros!"" Meecham rubbed his beard. ""This is something beyond my understanding."" Kulgan looked up to the castle, where the lights still flashed in the single window. ""As it is beyond mine, old friend. But whatever it means, ...",,"bed, window",Extracted from page 155
crydee_136,Magician,156,canon,architecture,"and the others. Gardan and his soldiers had left that morning with a bundle of dispatches for Prince Lyam from his father, and Meecham was housed with the palace guard. Kulgan was invited in the meetings as often as not, so Pug had a lot of time to himself. He wished he had his books with him, for then at least the time could be put to some good use. Since his arrival in Krondor there had been little for him to do. More than once Pug had thought of how much Tomas would have loved the newness ...",,"wall, window, door",Extracted from page 156
crydee_137,Magician,157,canon,architecture,"guard. The child's prattling wasn't very irksome, and he wasn't following closely, being more intent on the scene through the window. He hesitated, then said, ""I'm apprenticed to the Duke's magician."" The Princess's eyes grew round, and she said, ""A real magician?"" ""Real enough."" Her little face lit up with delight. Can he turn people into toads? Mummy said magicians turn people into toads if they are bad."" ""I don't know. I'll ask him when I see him-if I see him again,"" he added under his bre...",,window,Extracted from page 157
crydee_138,Magician,158,canon,architecture,"The walls were covered with giant banners and rich tapestries. The banners were of every major household in the Kingdom, from the gold and brown of Crydee in the far west, to the white and green of far Ran, in the east. Behind the royal table hung the banner of the Kingdom, a golden lion rampant holding a sword, with a crown above his head,",,"table, wall",Extracted from page 158
crydee_139,Magician,159,canon,architecture,"the kitchen, Pug supposed, through which peeked the tiny fugitive from bed. Pug moved to where Anita waited, discovering it was, indeed, a long connecting corridor between the kitchen and the great hall. A lengthy table covered with dishware and goblets ran along the wall. Pug said, ""What are you doing here?"" ""Shush!"" she said in a loud whisper. ""I'm not supposed to be here."" Pug smiled at the child. ""I don't think you have to worry about being heard, there's too much noise for that."" ""I came...","great hall, kitchen","bed, table, wall, door",Extracted from page 159
crydee_140,Magician,160,unknown,architecture,"He won't lift a finger to send aid to Crydee until Father has seen the King. That will take another two months at least."" Kulgan raised his hand. Instead of an adviser to the Duke, Arutha saw one of his boyhood instructors. Kulgan, like Tully, could still command both sons of the Duke when the need arose. ""Quietly, Arutha."" Arutha shook his head as he pulled over a chair. ""I am sorry, Kulgan. I should have mastered my temper."" He noticed Pug's confusion. ""I apologize to you also, Pug. There i...",,chair,Extracted from page 160
crydee_141,Magician,161,canon,architecture,"Should he call, every Duke from Malac's Cross to Crydee would respond, with their garrisons and levies. King Rodric, for his own reasons, has decided that none may gather the armies without his authority. Arutha said, ""Father would come to the Prince's call, regardless, as would the other Dukes."" Kulgan nodded. ""That may be what the King fears, for the Armies of the West have long been more the Prince's armies than the King's. If your father called, most would gather, for they revere him near...",courtyard,"stair, window",Extracted from page 161
crydee_142,Magician,162,canon,architecture,"guard, rather than a detachment from the city garrison. As they left the city, the snow began to fall once more, and Pug wondered if he would ever see spring in Crydee again. He sat quietly on his horse as it plodded along the road east, trying to sort out the impressions of the last few weeks, then gave up, resigning himself to whatever was to happen. THE riDE to Salador took four weeks instead of three, for there had been a storm of unusual intensity in the mountains west of Darkmoor. They ...",,"bed, door",Extracted from page 162
crydee_143,Magician,163,canon,architecture,"order to move out, and the guard column moved past the Duke's party. As they passed the captain ordered a salute, and lances were dipped toward the Duke. Borric returned the salute with a lazy wave of his hand, then when the guards had passed, said, ""Enough of this foolishness, let us to Salador."" Arutha laughed and said, ""Father, we have need of men like that in the West."" Borric turned and said, ""Oh? How so?"" As the horses moved forward, Arutha said, ""To polish shields and boots."" The Duke ...",courtyard,"wall, door",Extracted from page 163
crydee_144,Magician,164,canon,architecture,"Borric had made his way up the broad stairway from the courtyard, the chamberlain had provided Kerus with a few personal facts and a quick evaluation of the right amount of flattery required. Duke Kerus took Borric's hand. ""Ah, Lord Borric, you do me great honor by this unexpected visit. If you had only sent word of your arrival, I would have prepared a more fitting welcome."" They entered the antechamber of the palace, the Dukes in front. Borric said, ""I am sorry to put you to any trouble Lor...",courtyard,"stair, table, window",Extracted from page 164
crydee_145,Magician,167,canon,architecture,"honorable man, and as such would keep unfounded rumors from his subjects, even yourself. As you have said, it is thirteen years since you last were at Rillanon. All warrants and missives from the King still pass through the Prince's court. How would you know? ""I fear it is only a matter of time before one or other of the King's advisers positions himself over the fallen heads of those of us who hold to our beliefs that the nobility are wardens of the nation's welfare."" Borric said, ""Then you ...",,,Extracted from page 167
crydee_146,Magician,169,canon,architecture,"and knew that his dreams of the King answering the call of Crydee with banners flying were another boyish fancy shattered upon the hard rock of reality. 13 RILLANON ThE SHIP SAILED into THE harbor. The climate of the Kingdom Sea was more clement than that of the Bitter Sea, and the journey from Salador had proven uneventful. They'd had to beat a tack much of the way against a steady northeast wind, so three weeks had passed instead of two. Pug stood on the foredeck of the ship, his cloak pull...",tower,,Extracted from page 169
crydee_147,Magician,170,canon,architecture,"much as towers and spires. Many of the buildings seemed new, and Pug thought that this must be part of the King's plan for rebuilding the city. At several points along the way he saw workers removing old stones from a building, or erecting new walls and roofs. The newer buildings were faced with colorful stonework, many of marble and quartz, giving them a soft white, blue, or pink color. The cobblestones in the streets were clean, and gutters ran free of the clogs and debris Pug had seen in t...","tower, courtyard",wall,Extracted from page 170
crydee_148,Magician,171,canon,architecture,"He had never been one for baths when he had been a keep boy, preferring to wash away dirt in the sea and the streams near the castle. Now he could learn to enjoy them. He mused about what Tomas would have thought of that. He drifted off in a warm haze of memories, one very pleasant, of a dark-haired, lovely princess, and one sad, of a sandy-haired boy. THE DINNER of the night before had been an informal occasion, with Duke Caldric hosting Lord Borric's party. Now they stood in the royal thron...",,"wall, window",Extracted from page 171
crydee_149,Magician,172,unknown,architecture,"of Crydee, and we would hear it spoken by the author of the brave deed. We must meet later so that you may tell us of this marvel."" Pug bowed awkwardly, feeling a thousand eyes upon him. There had been times before when he had wished the troll story had not been spread, but never so much as now. He backed away, and the King said, ""Tonight we will hold a ball to honor the arrival of our cousin Borric."" He stood, arranging his purple robes around him, and pulled his golden chain of office over ...",,"table, door, chair",Extracted from page 172
crydee_150,Magician,173,canon,architecture,"past the hedges and stone walls that marked its edge, Pug could see the city of Rillanon and the sea beyond. The colorful rooftops shone brightly in the midday sun, as the last snows had melted completely over the last four days. Ships sailed in and out of the harbor, and the streets teemed with citizens. The faint cries of merchants and hawkers, shouting over the noise of the streets, floated up to become a soft buzzing where the King took his midday meal. As Pug approached the table, a serv...",,"table, wall, chair",Extracted from page 173
crydee_151,Magician,175,implied,architecture,"West to find a good place to bring their soldiers in during the winter so they can launch their offensive this spring."" The King slapped the table with his hand. ""A good exercise in logic, Pug."" Motioning for the servants to bring food, he said, ""Now, let us eat."" Food of an amazing variety and amount for just the two of them was produced, and Pug picked small amounts of many things, so as not to appear indifferent to the King's generosity. Rodric asked him a few questions as they dined, and ...",,table,Extracted from page 175
crydee_152,Magician,176,canon,architecture,"the table. The five men of Crydee sat eating in the Duke's quarters, with palace servants, all wearing the King's purple-and-gold badge on their dark tunics, hovering nearby. The Duke was chafing to leave Rillanon for the West. Nearly four months had passed since they left Crydee: the entire winter. Spring was upon them, and if the Tsurani were going to attack, as they all believed, it was only a matter of days now. Arutha's restlessness matched his father's. Even Kulgan showed signs that the...",tower,table,Extracted from page 176
crydee_153,Magician,177,canon,architecture,"fluid dripped down the wall as the Duke of Crydee nearly roared with anger. ""What game does Guy play at? What is this talk of rumors and undue distress!"" Caldric raised a hand and Borric calmed a little, sitting again. The old Duke said, ""I myself penned the King's call to Guy. Everything you had told, every piece of information and every surmise, was included. I can only think Guy is ensuring that the King reaches no decision until he arrives at the palace."" Borric drummed his fingers on the...",,"table, wall",Extracted from page 177
crydee_154,Magician,179,unknown,architecture,"the Duke of Crydee threw back his head and laughed. Slamming his fist on the table, he nearly shouted, ""Kulgan! If you had not served me well in all the years I have known you, tonight you have."" He turned to Caldric. ""What do you think?"" Caldric smiled for the first time since entering the room. ""Brucal? That old war dog? There is no more honest man in the Kingdom. And he is not in the line of succession. He would be beyond even Guy's attempts to discredit. Should he receive the command of t...",,"table, door, chair",Extracted from page 179
crydee_155,Magician,180,implied,architecture,"Mountain. They have attacked Crydee."" Without thinking, Borric said, ""What news from Crydee?"" The King stopped his pacing. He looked at Borric, and for a moment Pug saw madness in his eyes. He closed them briefly, then opened them, and Pug could see the King was himself again. He shook his head slightly and raised his hand to his temple. ""I have only secondhand news from Brucal. When those messages left six weeks ago, there had only been one attack at Crydee. Your son Lyam reports the victory...",,,Extracted from page 180
crydee_156,Magician,181,unknown,architecture,"The King said, ""Borric, you must leave Crydee to your son. He is capable enough, I should think. He's given us our only victory so far."" His eyes wandered and he giggled. He shook his head for a moment, and his voice lost its frantic edge. ""Oh, gods, these pains. I think my head will burst."" He closed his eyes briefly. ""Borric, leave Crydee to Lyam and Arutha; I'm giving you the banner of the Armies of the West; go to Yabon. Brucal is sorely pressed, for most of the alien army strikes toward ...",,table,Extracted from page 181
crydee_157,Magician,182,canon,architecture,"swept down a line along the eastern face of the Grey Towers. ""There is a coordinated pattern here, but I'm damned if I can anticipate where it's going next."" The old Duke looked weary. The fighting had been going on sporadically for over two months now, and no distinct advantage could be seen on either side. Borric studied the map. Red spots marked known Tsurani strongholds: hand-dug, earthen breastworks, with a minimum of two hundred men defending. There were also suspected reinforcement com...",Tower,,Extracted from page 182
crydee_158,Magician,183,canon,architecture,"itself. There is no word of activity from the Grey Towers, Carse, or Tulan. They seem content to dig in along this pass. Your forces to the west will not be able to join you, for they could not break through now."" ""How strong do the aliens appear to be?"" asked Brucal. ""It is not known, but I saw several thousand along this route."" His finger indicated a route along the northern edge of the pass, from the elven forests to the Kingdom camp. ""The dwarves of Stone Mountain are left alone, so long...",Tower,,Extracted from page 183
crydee_159,Magician,184,canon,architecture,"attempting to keep it from the greedy maw of Fantus. The firedrake had sought out his master a week before, eliciting startled cries from the soldiers as he swooped over the tents. Only Meecham's commanding shouts had kept a bowman from putting a cloth-yard arrow into the playful drake. Kulgan had been pleased to see his pet, but at a loss to explain how the creature had found them. The drake had moved right into the magician's tent, content to sleep next to Pug and steal food from under Meec...",,,Extracted from page 184
crydee_160,Magician,185,canon,architecture,"keeping one eye on Fantus. ""They don't have any metal and they want ours."" When Kulgan and Pug regarded him with blank expressions, he shook his head. ""I'd thought you puzzled it out by now, so I didn't think to bring it up."" He put aside the bowls of stew, reached behind himself, and drew a bright red arrow out from under his bedding. ""Souvenir,"" he said, holding it out for inspection. ""Look at the head. It's the same stuff their swords are made from, some kind of wood, hardened like steel. ...",,bed,Extracted from page 185
crydee_161,Magician,186,canon,architecture,"felt truly a soldier. The only discordant note was his helm, which was a little too large and gave him a slightly comic appearance. Captain Vandros came back to where Kulgan stood waiting, and dismounted. ""The scouts have spotted a camp about half a mile ahead. They think they were not seen by the guards."" The captain pulled out a map. ""We are about here. I will lead my men and attack the enemy position. Cavalry from Zun will support us on either side. Lieutenant Garth will command the column...",Tower,,Extracted from page 186
crydee_162,Magician,187,canon,architecture,"Pug had supposed that Meecham was from Crydee, and was surprised to find he had been a youth in the Free Cities. But then he found it difficult to imagine Meecham as a boy. The franklin continued. ""There is a way over the crest of the mountains, a path that leads between two smaller peaks. It is little more than a goat trail, but if we led the horses all night, we could be in the valley by sunrise. This way is difficult to find on this side if you don't know where to seek it. From the valley ...",,bed,Extracted from page 187
crydee_163,Magician,188,canon,architecture,"and they stopped to rest. Two soldiers were sent ahead with Meecham to scout the way, while the rest of the tired line dropped to the ground to ease cramped legs. Pug realized the fatigue was as much the result of the tension created by the silent passage as of the climbing, but it didn't make his legs feel any better. After what seemed to be much too short a rest they were moving again. Pug stumbled along, fatigue numbing his mind to the point where the world became an endless series of pick...",,,Extracted from page 188
crydee_164,Magician,189,implied,architecture,"soldiers stood a fair chance of outrunning them. After a while the lieutenant passed the word, and the column turned north. They trotted along, saving the horses for when they would be sure to need the speed. Pug thought he saw glimpses of color in the trees ahead, as they descended into the southern woods of the valley, but couldn't be sure. As they reached the woods, a shout went up from within the trees. The lieutenant cried, ""All right, they've seen us. Ride hard and stay close."" He spurr...",,,Extracted from page 189
crydee_165,Magician,190,canon,architecture,"once you're in the woods to the north, keep moving. Our forces should have broken through up there, and if we can get past those woods, we should be all right."" Meecham had described the woods as being about two or three miles across. From there it was three miles of open ground until the North Pass through the hills began. They slowed to a walk, trying to rest the horses as much as possible. They could see the tiny figures of the Tsurani coming from behind, but they would never catch up befo...",,"table, bed",Extracted from page 190
crydee_166,Magician,191,canon,architecture,"six-legged beasts, who were prodded by two soldiers in red armor. Several more wagons were standing beyond the machines, and a few of the strange beasts could be seen grazing beyond the wagons. Beyond the strange device, a mighty camp sprawled across the meadow, with more tents than Pug could count. Banners of strange design and gaudy colors fluttered in the wind above them, and the rising smoke of the campfires stung his nose with acrid pungency as it was carried off in the breeze. More ride...",,bed,Extracted from page 191
crydee_167,Magician,192,canon,architecture,"through him, and he had to fight to keep his feet. He staggered about and through the agony saw a familiar figure riding toward him, shouting his name. Pug shook his head, and suddenly the pain vanished. Meecham sped toward him, and Pug knew the franklin could carry the Tsurani to the Duke's camp if Pug could keep him from fleeing. So he spun, all pain forgotten, and closed upon the still-supine Tsurani. A look of shock crossed the magician's face when he saw the boy again advancing on him. P...",,,Extracted from page 192
crydee_168,Magician,193,canon,architecture,"soldier lying a few feet away. He was also bound. His face was drawn, and there was a nasty-looking cut running down from his hairline to his cheekbone, all crusted over with dried blood. Pug's attention was distracted by the sound of voices speaking low, behind him. He rolled over and saw two Tsurani guards in blue armor standing watch. Several more tied prisoners lay about between the boy and the two aliens, who were speaking together in their strange, musical -sounding language. One notice...",,wall,Extracted from page 193
crydee_169,Magician,194,unknown,architecture,"The soldier nearest the door seemed to be relaxing, his left arm behind his head as he lay back on a pile of cushions, his attention only half focused on the captive. But Pug noticed that his other hand was never more than an inch from the hilt of a wicked-looking dagger at his belt. A brief gleam of light on lacquer revealed the presence of another dagger hilt, half protruding from a pillow at the right elbow of the man in orange. The man in black said slowly, ""Listen, for I tell you somethi...",,"bed, door",Extracted from page 194
crydee_170,Magician,195,implied,architecture,"common soldiers. He tried to explain his position as a member in the Duke's court. After several attempts he resigned himself to the presumption they made of his being some sort of highly placed servant. The magician picked up a small device and held it out to Pug. Hesitating for a moment, the boy reached out and took it. It was a cube of some crystallike material, with veins of pink running throughout. After a moment in his hand, it took on a glow softly pink. The man in orange gave an order...",,,Extracted from page 195
crydee_171,Magician,196,canon,architecture,"Seven times the dwarves of the Grey Towers had ventured out against the invaders, and seven times they had inflicted heavy losses. But each time it was clear that the Tsurani's numbers were undiminished. Many dwarves were missing now, their lives bought at a dear price to the enemy, but dearer to the families of the Grey Towers. The long-lived dwarves had fewer children, years further apart, than did humans. Each loss diminished dwarvenkind at a much more damaging cost than could have been im...",Tower,,Extracted from page 196
crydee_172,Magician,198,canon,architecture,"As they finished their meager meal, one of the guards on the edge of camp came into the clearing before the cave. ""Someone comes."" The dwarves quickly armed themselves and stood ready. Instead of the strangely armored Tsurani soldiers, a single man dressed in the dark grey cloak and tunic of a Natalese Ranger appeared. He walked directly into the center of the clearing and announced in a voice hoarse from days running through wet forests, ""Hail, Dolgan of the Grey Towers."" Dolgan stepped forw...",Tower,,Extracted from page 198
crydee_173,Magician,199,canon,architecture,"Crydee for days at a time. I will spend some time there, then start the long run for the dukes' camp."" ""Will you return?"" asked Dolgan. The ranger smiled, his grin showing up brightly against his dark skin. ""perhaps, if the gods are obliging. If not I, then one of my brothers. It might be that you'll see Long Leon, for he was sent to Elvandar and, if he is a'right, may be bound here with missives from the Lady Aglaranna. It would be good to know how the elvenfolk fare."" Tomas's head came up f...",,,Extracted from page 199
crydee_174,Magician,200,canon,architecture,"would let him fight if the keep was attacked, but they certainly wouldn't let him participate in raids. ""Thank you, Grimsworth, but I will remain. There is much yet to be done here, and I would be a part of it. I would ask you to give word to my mother and father that I am well enough and think of them."" Sitting down, he added, ""If it is my destiny to return to Crydee, I shall."" Grimsworth looked hard at Tomas, seemed about to speak, then noticed a slight shake of Dolgan's head. More than any...",,wall,Extracted from page 200
crydee_175,Magician,201,canon,architecture,"walls, creating confusion for the eye. A shout from the rear of the Tsurani force sounded, and the aliens began to back down the tunnel. Those with shields came to the fore, forming a wall over which the swordsmen could strike. The dwarves were unable to reach far enough to do any damage. Each time a dwarf attacked, the shield wall would stand, and the attacker would be answered by sword blows from behind the shield. In short spurts the enemy backed away. Tomas moved to the fore, since his re...",,wall,Extracted from page 201
crydee_176,Magician,202,implied,architecture,"The rear guard was pressed back toward the escape tunnel, and twice soldiers tried to circle to cut them off. Both times Tomas struck out, and they fell. When Dolgan and his fighters stood atop the bodies of the fallen monsters, Tomas yelled, ""Be ready to jump."" He took the two heavy skins from the dwarf. ""Now!"" he shouted. Dolgan and the others leaped back, and the Tsurani were left standing on the other side of the corpses. Without hesitation, the dwarves sped up the tunnel while Tomas thre...",,,Extracted from page 202
crydee_177,Magician,203,implied,architecture,"on this side. They would have to find a place free of guards, if one existed. Tomas looked around. It was nearly nightfall, and if they were to sneak across the river this close to the Tsurani lines, it would best be done in the dark. Tomas whispered this to Dolgan, who nodded. He signaled the guard to head off to the west of the espied camp, to find a likely looking place to hole up. After a short wait the guide returned with word of a thicket facing a hollowed rock where they could wait for...",,,Extracted from page 203
crydee_178,Magician,204,canon,architecture,"dismissed them, and they fled out of the great hall, past the mighty golden dragon, Shuruga, who patiently awaited his master. . . ""ToMAS,"" CAmE the voice. Tomas's eyes opened with a snap. Dolgan had his hand upon the young man's arm. ""It is time. Night has fallen. You've been asleep, laddie."" Tomas shook his head to clear it, and the lingering images fled. He felt a churning in his stomach as the last flickering vision of a warrior in white and gold standing over the bloody body of an elven ...",great hall,,Extracted from page 204
crydee_179,Magician,205,canon,architecture,"forward and surprised a Tsurani guard who was trying to peer through the gloom. The man cried out as he was killed, and shouting erupted a short way off. Tomas saw lantern light rapidly approaching him, turned, and ran. He found Dolgan waiting on the bank and shouted, ""fly! They are upon US., Several dwarves stood indecisively as Tomas and Dolgan splashed into the river. The water was cold, moving rapidly over the sandbar. Tomas had to steady himself as he waded through. The water was only wa...",,,Extracted from page 205
crydee_180,Magician,206,unknown,architecture,"Calin smiled in return. ""And I you, Tomas of Crydee, though you have changed much in a year's time. These others are Galain and AIgavins. If you feel up to it, we can rejoin your friends at the court of the Queen.'' Tomas smiled. ""Let's go."" They broke camp and set out. At first they moved slowly, giving Tomas plenty of time to gain his wind, but after a while it was evident he was remarkably fit in light of his recent brush with death. Soon the four figures were running through the trees. To...",,,Extracted from page 206
crydee_181,Magician,207,unknown,architecture,"the young man from Crydee knew this must be Long Leon, the ranger Grimsworth had spoken of.",,,Extracted from page 207
crydee_182,Magician,208,canon,architecture,"rode before soldiers protecting the wagons traveling between the castle and the shore. Behind the wagons a ragged crowd of townspeople followed. Many carried bundles or pulled carts, following the Duke's sons toward the waiting ships. They turned down the road that split off from the town road, and Arutha's gaze swept over the signs of destruction. The once-thriving town of Crydee was now covered in an acrid blue haze. The sounds of hammering and sawing rang through the morning air as workmen...",,wall,Extracted from page 208
crydee_183,Magician,209,canon,architecture,"allow the garrison out until dawn-fearing it was a ruse to get the castle gates open or to lure the garrison into the woods where a larger force waited in ambush-and Lyam had acceded to the old Swordmaster's request. Arutha was sure he could have prevented much of the damage had he been allowed to rout the Tsurani at once. As he rode down the coast road, Arutha was lost in thought. Orders arrived the day before instructing Lyam to leave Crydee. The Duke's aide-de-camp had been killed, and wit...",,"bed, wall, gate",Extracted from page 209
crydee_184,Magician,210,canon,architecture,"""Old Fannon is simply cautious. He also is of the opinion a soldier's worth is measured by the grey in his beard. I am still only the Duke's boy. I fear my opinions from now on will receive short shrift."" ""Curb thy impatience, youngster,"" he said in mock seriousness. ""Perhaps between your boldness and Fannon's caution, a safe middle course will be followed."" Lyam laughed. Arutha had always found his brother's laughter infectious and couldn't repress a grin. ""Perhaps, Lyam,"" he said with a lau...",,,Extracted from page 210
crydee_185,Magician,211,canon,architecture,"Arutha walked slowly back to where a soldier held his mount. He paused to stare down the beach. To the south, the high bluffs reared, dominated by Sailor's Grief, which stood upthrust against the morning sky. Arutha silently cursed the day the Tsurani ship crashed against those rocks. CARLINE sTOOD ATOP the southern tower of the keep, watching the horizon, gathering her cloak around her against the sea breeze. She had stayed at the castle, bidding Lyam good-bye earlier, not wishing to ride to...",tower,"stair, door",Extracted from page 211
crydee_186,Magician,212,canon,architecture,"""Then tell me, why has a wall grown between us?"" Roland sighed, and there was none of his usual roguish humor in his answer. ""If there has, Carline, it is not of my fashioning."" A spark of the girl's former self sprang into being, and with a temperamental edge to her voice she said, ""Am I, then, the architect of this estrangement?"" Anger erupted in Roland's voice. ""Aye, Carline!"" He ran his hand through his wavy brown hair and said, ""Do you remember the day I fought with Pug? The very day bef...",tower,"stair, wall, gate",Extracted from page 212
crydee_187,Magician,213,canon,architecture,"Arutha dismissed the tired riders as other guards came to take position around the prisoners. Arutha walked to where they waited, and when he came within touching distance, all three fell to their knees, putting their foreheads to the dirt. Arutha raised his eyebrows in surprise at the display. ""I have never seen such as these."" Longbow nodded in agreement. ""They wear no armor, and they didn't give fight or run when we found them in the woods. They did as you see now, only then they babbled l...",kitchen,,Extracted from page 213
crydee_188,Magician,214,canon,architecture,"nobility were obligated to respect and protect. Slaves were property. With a sudden disgust, Arutha said, ""Tell them to get up, for mercy's sake."" Tully spoke and the men slowly rose, the two on the flanks looking about like frightened children. The other stood calmly, eyes only slightly downcast. Again Tully questioned the man, finding his understanding of their language returning. The centermost man spoke at length, and when he was done Tully said, ""They were assigned to work in the enclave...",,gate,Extracted from page 214
crydee_189,Magician,215,canon,architecture,"our standards. My mind contact with the dying soldier showed me much I still don't understand."" Tully spoke to the man. To Arutha the Tsurani said, ""Tchakachakalla tell."" Fighting for words, he said, ""I Wedewayo. My house, family. My clan Hunzan. Old, much honor. Now slave. No house, no clan, no Tsuranuanni. No honor. Slave obey."" Arutha said, ""I think I understand. If you go back to the Tsurani, what would happen to you?"" Tchakachakalla said, ""Be slave, maybe. Be killed, maybe. All same."" ""A...",,,Extracted from page 215
crydee_190,Magician,216,canon,architecture,"was clearing its scabbard. Roland and the other soldiers were only a moment behind. The Tsurani made no threatening gesture, but simply flipped the knife, reversing it and handing it to Fannon hilt first. ""Master think Tchakachakalla enemy? Master kill. Give warrior's death, return honor."" Arutha returned his sword to his scabbard and took the knife from Tchakachakalla's hand. Returning the knife to Fannon, he said, ""No, we will not kill you."" To Tully he said, ""I think this man may prove use...",,"table, wall",Extracted from page 216
crydee_191,Magician,217,canon,architecture,"keep. Martin laughed, Arutha was surprised to hear him. ""What in this strikes you as funny, Huntmaster?"" Martin shook his head. ""A little thing, Highness. It's the Swordmaster himself. He'll not speak of it to anyone, but I wager he would give all he owns to have your father back in command. He's a good soldier, but he dislikes the responsibility."" Arutha regarded the retreating back of the Swordmaster, then said, ""I -think you are right, Martin."" His voice carried a thoughtful note. ""I've be...",kitchen,,Extracted from page 217
crydee_192,Magician,218,canon,architecture,turned toward the keep. Roland fell into step beside the thoughtful Prince and wondered if he had overstepped himself. The NIGHT THUNDERED. Ragged bolts of lightning shattered the darkness as clouds rolled in from the west. Roland stood on the southern tower watching the display. Since dinner his mood had been as dark as the western sky. The day had not gone well. First he had felt troubled by his conversation with Arutha by the gate. Then Carline had treated him at dinner with the same stony...,tower,"stair, wall, door, gate",Extracted from page 218
crydee_193,Magician,219,canon,architecture,"THE WINDs wHIPPED the banners on the palisades of the castle walls as rain began to fall. As water gathered in small pools, the lanterns cast yellow reflections upward off the puddles to give an otherworldly look to the two men standing on the wall. A flash of lightning illuminated the sea, and a soldier said, ""There! Highness, did you see? Three points south of the Guardian Rocks."" He extended his arm, pointing the way. Arutha peered into the gloom, his brow furrowed in concentration. ""I can...",,wall,Extracted from page 219
crydee_194,Magician,220,canon,architecture,"mention of the killer god. ""Any signal from the beacon tower?"" ""None, Highness. Not by beacon, nor by messenger."" Another flash of lightning illuminated the night, and Arutha saw the ship outlined in the distance. He swore. ""It will need the beacon at Longpoint to reach the harbor safely."" Without another word, he ran down the stairs leading to the courtyard. Near the gate he instructed a soldier to get his horse and two riders to accompany him. As he stood there waiting, the rain passed, lea...","tower, courtyard","stair, wall, gate",Extracted from page 220
crydee_195,Magician,221,canon,architecture,"from within the tower, rushing forward silently. Arutha's horse screamed. He could see an arrow protruding from its neck. As it collapsed beneath him, he freed his feet from the stirrups and lifted his left leg over the dying animal's neck, jumping free as it struck the ground. He hit and rolled, coming to his feet before a short figure in black with a long sword held high overhead with both hands. The long blade flashed down, and Arutha jumped to his left, thrusting with his own sword. He to...",tower,,Extracted from page 221
crydee_196,Magician,222,canon,architecture,"Arutha half staggered, half ran to the lighthouse tower and forced himself to climb the stairs. Twice he came close to blacking out, but he reached the top of the tower. He saw the lookout lying dead near the signal fire. The oil-soaked wood was protected from the elements by a hood that hung suspended over it. The cold wind blew through the open windows on all sides of the building. Arutha found the dead sentry's pouch and removed flint, steel, and tinder. He opened the small door in the sid...",tower,"stair, wall, window, door",Extracted from page 222
crydee_197,Magician,223,canon,architecture,"quietly, fearing guards had been left to protect it. When he reached the gangway, all was quiet. The sounds of fighting were distant, as if all the raiders had attacked deeply into the town. As he began to move away, a voice cried out from the ship, ""Gods of mercy! Is anyone there?"" The voice was deep and powerful, but with a controlled note of terror. Arutha hurried up the gangway, sword ready. He stopped when he reached the top. From the forward hatch cover he could see fire glowing brightl...",,,Extracted from page 223
crydee_198,Magician,224,canon,architecture,"great tower of flames leaped skyward. The ship was a faintly seen black silhouette in the heart of the blinding yellow-and-white column of fire. Waves of heat washed over them, as if they were standing at the door of a giant oven. Arutha managed to croak ""What was that?"" His companion gave out with an equally feeble reply: ''Two hundred barrels of Quegan fire oil."" Arutha spoke in disbelief. ""You didn't say anything about fire oil back aboard ship."" ""I didn't want you getting excited. You loo...",tower,"table, bed, door",Extracted from page 224
crydee_199,Magician,225,unknown,architecture,"north of Crydee, we judged rightly we had gone farther than we had thought. ""We coasted by day, heaving to at night for I'd not risk unknown shoals and reefs. On the third night the Tsurani came swimming out from shore like a pod of dolphins. Dived right under the ship, and came up on both sides. By the time I was awake from the commotion on deck, there was a full half dozen of the bast-begging the Princess's pardon-them Tsurani swarming over me. It took them only minutes to take my ship."" Hi...",,,Extracted from page 225
crydee_200,Magician,226,canon,architecture,"little longer, we would have been safely in Crydee harbor two days ago."" Arutha and the others said nothing. Trask continued, ""They went through my cargo holds and started tossing things overboard, no matter what. Over five hundred fine Quegan broadswords, over the side. Pikes, lances, longbows, everything-I guess to keep any of it from reaching Crydee somehow. They didn't know what to do with the Quegan fire oil the barrels would've needed a dock hoist to get them out of the hold ~ so they l...",courtyard,,Extracted from page 226
crydee_201,Magician,227,canon,architecture,"""We have need of good men here in Crydee."" A glimmer of humor crossed the seaman's face. ""I thank you, Highness. Without a ship, though, I don't know what use I could be."" Arutha said, ""Between Fannon and myself, we'll find enough to keep you busy."" The man bowed slightly, restricted by his wounded side. He left with Tully. Carline kissed Arutha on the cheek, saying, ""Rest now."" She took away the broth and was escorted from the room by Fannon. Arutha was asleep before the door closed. 17 Atta...",,door,Extracted from page 227
crydee_202,Magician,228,canon,architecture,"to retreat across the small court behind the keep. He found himself backed against a low wall and waited. She lunged again, and he nimbly stepped aside, the padded point of her rapier striking the wall an instant after he vacated the spot. He jumped past her, playfully swatting her across the rump with the flat of his blade as he took up position behind her. ""And don't lose your temper, or you'll lose your head as well."" ""Oh!"" she cried, spinning to face him. Her expression was caught halfway...",,"bed, table, wall",Extracted from page 228
crydee_203,Magician,229,canon,architecture,"and I shall have to quit the castle in shame."" Her eyes widened as she drew her weapon, and he saw the dig had struck home. ""Oh! Shamed by a mere girl, is it?"" she said, advancingwith her sword ready. Laughing, he brought his own to the ready, backing away. ""Now, Lady. This is most unseemly."" Leveling her sword, she fixed him with an angry gaze. ""I have Lady Marna to be concerned with my manners, Roland. I don't need a buffoon like you to instruct me."" ""Buffoon!"" he cried, leaping forward. Sh...","courtyard, cellar","bed, wall, door",Extracted from page 229
crydee_204,Magician,230,canon,architecture,"gentle shove. Her eyes wide in outrage, Carline turned to the guard. ""Arrest him! At once! He""-anger elevated her voice to a most unladylike volume-""laid hands on me!"" The guard hesitated, looking from one to another, then tentatively began to step toward the Squire. Roland raised a warning finger and pointed it at the guard, less than an inch from his nose. ""You will see Her Highness to her appointed place of safety. You will ignore her objections, and should she try to leave, you will restr...","courtyard, cellar","stair, wall, door, gate",Extracted from page 230
crydee_205,Magician,231,canon,architecture,"ship had been burned the year before, keeping them from getting underfoot and from causing too much disruption in the castle. The former sea captain had proved a gift during the first weeks after the burning of the town. Amos had the necessary talent for command and kept the tough, ill-mannered, and individualistic fisherfolk in line. Arutha judged him a braggart, a liar, and most probably, a pirate, but generally likable. Gardan came up the stairs from the court, Roland following. Gardan sal...",,stair,Extracted from page 231
crydee_206,Magician,232,canon,architecture,"all of the lands around the castle. Or they may simply wish to strike from an unexpected quarter."" Then with a wry grin he said, ""But most likely, they simply sweep the area before the attack begins, ensuring they have no harrying forces at their backs."" Another tracker said, ""Surely they know we mark their passing."" Longbow's crooked grin widened. ""No doubt. I judge them unconcerned with our comings and goings."" He shook his head. ""These Tsurani are an arrogant crew."" Pointing, he said, ""Gar...",,,Extracted from page 232
crydee_207,Magician,234,canon,architecture,"trail appeared a veritable wall of colored armor. The Tsurani officers in the van stopped in shocked silence as they regarded the dead trailbreakers. Then they saw the two foresters standing quietly down the trail and shouted something. The entire front of the column sprang forward, weapons drawn. Martin leaped into the thicket on the north side of the trail, Garret a step behind. They dashed through the trees, the Tsurani in close pursuit. Martin's voice filled the forest with a wild hunter'...",,"table, wall",Extracted from page 234
crydee_208,Magician,235,canon,architecture,"can't keep up in the woods."" He handed the arrow to Garret. ""See that large elm across that small clearing?"" Garret nodded. ""See the small birch behind, off to the left?"" Again Garret nodded. ""Think you can hit it with that rag dragging at your arrow?"" Garret grinned as he unslung his bow, notched the arrow, and let fly. The arrow sped true, striking the tree. Martin said, ""When our bandylegged friends get here, they'll see that flicker of color over there and go charging across. Unless I'm s...",,,Extracted from page 235
crydee_209,Magician,236,canon,architecture,"Then slowly they stood and began the return to Crydee. SiNCE THE START of the war, the Tsurani had confined their activities to those areas immediately adjacent the valley in the Grey Towers. Reports from the dwarves and the elves revealed mining activities were taking place in the Grey Towers. Enclaves had been thrown up outside the valley, from which they raided Kingdom positions. Once or twice during the year they would mount an offensive against the Dukes' Armies of ' the West, the elves ...",Tower,wall,Extracted from page 236
crydee_210,Magician,237,canon,architecture,"A horn sounded, and the Tsurani soldiers faced the walls. Each standard was brought forward a dozen paces and planted in the ground. A handful of soldiers wearing the high-crested helmets that the Kingdom forces took to denote officers walked forward and stood halfw~ay between the army and the standard-bearers. One, wearing bright blue armor, called something and pointed at the castle. A shout went up from the assembled Tsurani host, and then another officer, this one in bright red armor, beg...",,"stair, wall, gate",Extracted from page 237
crydee_211,Magician,238,canon,architecture,"we are without honor, or to come out of the castle and dare to face him."" Fannon said, ""I will not allow the gates open over some childish contest!"" Longbow grinned as he said, ""Then we'll change the rules."" He leaned over the edge of the walkway and shouted down to the courtyard below. ""Garret, fowling blunt!"" Garret, in the court below, drew a fowling arrow from his quiver and tossed it up to Longbow. Martin showed the others the heavy iron ball that served as the tip, used to stun game bir...","tower, courtyard","wall, gate",Extracted from page 238
crydee_212,Magician,239,canon,architecture,"force as long as the walls remain unbreached. Less than a ten-to-one advantage we can deal with."" More messengers came from the other walls. ""They still mount nothing along the east, north, and south, Swordmaster,"" one reported. ""They seem determined to do this the hard way."" Fannon looked thoughtful for a moment. ""Little of what we've seen is understandable. Death raids, marshaling within catapult range, wasting time with games of honor. Still, they are not without skill, and we can take not...",courtyard,"bed, wall",Extracted from page 239
crydee_213,Magician,240,canon,architecture,"this like before. Even the Keshians, who'll throw away dog soldiers like a drunken seaman throws away his money, even they wouldn't try a frontal assault like this. I'd keep a weather eye out for trickery."" ""Yes,"" answered Arutha. ""But of what sort?"" ThROUGHOut THE Night the Tsurani attacked, rushing headlong against the walls, to die at the base. Once a few made the top of the walls, but they were quickly killed and the ladders thrown back. With dawn the Tsurani withdrew. Arutha, Fannon, and...",,"wall, gate",Extracted from page 240
crydee_214,Magician,241,canon,architecture,"across their lines and approached the work party. Those on the wall watched tensely, but when the Tsurani reached the spot where Crydee men worked, they silently began picking up bodies and carrying them to where the pyre was being erected. With the help of the Tsurani, the bodies were stacked upon the huge pyre. Torches were set, and soon the bodies of the slain were consumed in fire. The Tsurani who had helped place the bodies upon the pyre watched as the soldier who led the volunteers stoo...",,wall,Extracted from page 241
crydee_215,Magician,242,canon,architecture,"""Here, Highness,"" came a shout from a short way down the wall. Arutha was surprised at the sergeant's appearance. His dark skin was nearly grey from the dust that stuck to it, held fast by the sheen of perspiration. His tunic and tabard were soaked with blood, which also covered his arms to the elbows. Arutha looked down at his own hands and arms and found them likewise covered. He shouted, ""More water!"" and said to Algon, ""Gardan will act as my second commander. Should anything happen to me,...",,wall,Extracted from page 242
crydee_216,Magician,243,canon,architecture,"some fun."" A groan could be heard by those on the wall as Martin gathered his trackers around him. Arutha said to Gardan, ""I want messages sent to Carse and Tulan. Use five pigeons for each. Order Barons Bellamy and Tolburt to strip their garrisons and take ship for Crydee at once."" Gardan said, ""Highness, that will leave those garrisons nearly undefended."" Algon joined in the objection. ""If the Dark Brotherhood moves toward the Northlands, the Tsurani will have an open path to the southern k...",,wall,Extracted from page 243
crydee_217,Magician,244,canon,architecture,"invisible line marking the outer range of the castle's war engines, death rained down upon the Tsurani. Still they came. The Tsurani crossed the second invisible line marking the outer range of the castle's bowmen, and scores more died. Still they came. The attackers reached the walls, and defenders dropped stones and pushed over scaling ladders, dealing out death to those below. Still they came. Arutha quickly ordered a redeployment of his reserves, directing them to be ready near the points...","tower, courtyard",wall,Extracted from page 244
crydee_218,Magician,245,canon,architecture,"he saw every man on the wall was watching him. Then one of the soldiers shouted, ""Hail, Arutha! Hail, Prince of Crydee!"" Suddenly the castle was ringing with shouts as men chanted, ""Arutha! Arutha!"" To Gardan, Arutha asked, ""Why?"" With a satisfied look the sergeant replied ""They saw you personally take the fight to the Tsurani, Highness, or heard from':others. They are soldiers and expect certain things from a commander. They are now truly your men, Highness."" Arutha stood quietly as the chee...","tower, courtyard, kitchen",wall,Extracted from page 245
crydee_219,Magician,246,canon,architecture,"the wall, too tired to trudge down the steps. Others reached the courtyard and tossed aside their weapons, sitting in the shade of the battlements while castle porters hurried among them with buckets of fresh water. Arutha leaned against the wall. He spoke silently to himself. ""They'll be back."" They came again that night. 18 SIEGE WouNDED MEN GROANED AT SUNRISE. For the twelfth straight night the Tsurani had assaulted the castle, only to retire at dawn. Gardan could not see any clear reason ...","courtyard, cellar",wall,Extracted from page 246
crydee_220,Magician,247,canon,architecture,"RoLAND WALKED ALoNg the battlements, watching the distant forest beyond the broad clearing that ran along the eastern wall of the castle. He approached a guard standing next to an alarm bell and said, ""Anything?"" ' ""Nothing, Squire."" Roland nodded. ""Keep a watchful eye. This is the narrowest open area before the wall. If they come against a second flank, this is where I would expect the assault."" The soldier said, ""In truth, Squire. Why do they come only against one wall, and why the stronges...",courtyard,"stair, wall",Extracted from page 247
crydee_221,Magician,248,canon,architecture,"He smiled his understanding. ""I'd best be back to the walls, Carline."" She' kissed him again and left for the main courtyard and the work to be done. He climbed back to the wall and resumed his vigil. IT WAS LATE afternoon when a guard shouted, ""Squire! In the forest!"" Roland looked in the indicated direction and saw two figures sprinting across the open ground. From the trees the shouts of men came, and . the clamor of battle. Crydee bowmen raised their weapons, then Roland shouted, ""Hold! I...","courtyard, kitchen","bed, wall",Extracted from page 248
crydee_222,Magician,249,canon,architecture,"but it seems foolish for them to travel so close to Crydee."" Longbow shook his head. ""They have little choice, Highness. The Green Heart must be foraged clean, and they cannot return to their mountains because of the Tsurani. The moredhel are making for the Northlands and won't risk passing near Elvandar. With the rest of the way blocked by the Tsurani strength, their only path is through the forests nearby, then westward along the river toward the coast. Once they reach the sea, they can tur...",,"table, wall",Extracted from page 249
crydee_223,Magician,250,canon,architecture,"were again gathering on the field before the castle their ranks once more swelled by reinforcements from the east. Messages carried by pigeon between Arutha and his father told of increased fighting along the eastern front as well. Lord Borric speculated Crydee was being attacked by troops fresh from the Tsurani homeworld, as there had been no reports of any troop movements along his front. Other messages arrived with word of relief from Carse and Tulan. Baron Tolburt's soldiers had departed ...","tower, courtyard","stair, wall",Extracted from page 250
crydee_224,Magician,251,canon,architecture,"was his responsibility to keep vermin from the keep. He tenderly held something in his hands. Arutha looked closely: it was a ferret, twitching slightly in the firelight. ""Highness,"" said Lewis, his voice thick with emotion, 'it's-'' ""What, man?"" said Arutha impatiently. With attack about to begin, he had little time to mourn a lost pet. Roland spoke, for Lewis was obviously overcome at the loss of his ferret. ""The Rathunter's ferrets didn't return two days ago. This one crawled into the stor...","courtyard, kitchen, cellar",wall,Extracted from page 251
crydee_225,Magician,252,implied,architecture,"throat as she shouted, ""Get out! Call the guards!"" Most of the women sat frozen in terror, refusing to move. Lady Marna heaved her massive bulk from the bench upon which she sat and gave a shrieking town girl a backhanded slap. The girl looked at lady Marna with wide-eyed fright for an instant, then broke toward the steps. As if at a signal, the others ran after, screaming for help. Carline watched as the Tsurani slowly fell back, blocking the hole in the floor. Other cracks appeared around t...",,bed,Extracted from page 252
crydee_226,Magician,253,canon,architecture,"Tsurani, soldiers of the keep hurrying behind. The young Squire was in a frenzy to protect the Princess, and he bowled over three Tsurani in his rush. They tumbled backward, disappearing into the hole, Roland with them. As the Squire vanished from view, Carline screamed, ""Roland!"" Other guards leaped past the Princess to engage the Tsurani who still stood in the cellar, and more jumped boldly into the hole. Grunts and cries, shouts and oaths rang from the tunnel. A guard took Carline by the a...",cellar,"stair, wall, bed",Extracted from page 253
crydee_227,Magician,254,canon,architecture,"man, he saw a jam of bodies a few feet away, where Crydee and Tsurani soldiers pressed against one another. Curses and cries filled the tunnel, and the damp earth smell was mixed with the odor of blood and excrement. Arutha fought madly, blindly, lashing out at barely seen foes. His own fear kept threatening to overcome him as primitive awareness cried for him to quit the tunnel and the threatening earth above. He forced his . panic down and continued to lead the attack on the sappers. A fami...","courtyard, cellar","stair, wall",Extracted from page 254
crydee_228,Magician,255,implied,architecture,"The Squire lay upon the ground, tended by the soldier who answered. His eyes were closed and his skin pale, and blood seeped from his side. The soldier said, ""I had to drag him along the last few yards, Highness. He was out on his feet. I thought it might be smoke until I saw the wound."" Carline cradled Roland's head, while Arutha first cut the binding straps of Roland's breastplate, then tore away the undertunic. After a moment Arutha sat back upon his heels. ""It's a shallow wound. He'll be ...",,,Extracted from page 255
crydee_229,Magician,256,canon,architecture,"When dawn came, the courtyard was still, and only a patch of raw earth, where the shaft had been filled in, and a long depression running from the keep to the outer wall showed anything unusual had occurred in the night. FANNON HOBBLED ALONg the wall, favoring his right side. The wound to his back was almost healed, but he was still unable to walk without aid. Father Tully supported the Swordmaster as they came to where the others waited. Arutha gave the Swordmaster a smile and gently took hi...",courtyard,"stair, wall",Extracted from page 256
crydee_230,Magician,257,canon,architecture,"be done with rousing good fights."" He left the walls and started down the stairs. ""Give orders to prepare for the attack."" CARLINE sTOOD ATOP the south tower of the keep, her arm around Roland's waist. The Squire was pale from his wound, but otherwise in hale spirits. ""We'll be done with the siege, now the fleet's arrived,"" he said, clinging tightly to the Princess. ""It has been a nightmare."" He smiled down at her, gazing into her blue eyes. ""Not entirely. There has been some compensation."" S...",tower,"stair, wall, window",Extracted from page 257
crydee_231,Magician,258,canon,architecture,"walls. And the green-clad one, who could race through the woods like an apparition, taunting KASUMI's men by the freedom with which he passed their lines, he would be there as well. No doubt the broadshouldered one was nearby, the laughing man with the curved sword and maniacal grin. KASUMI quietly saluted them all as valiant foemen, even if only barbarians. ' Chingari of the Omechkel, the Senior Strike Leader, came to stand at Kasumi's side. ""Force Leader, the barbarian fleet is nearing. The...",,wall,Extracted from page 258
crydee_232,Magician,259,canon,architecture,"Suddenly there was silence. Pug looked over to see a Tsurani guard wipe off his sword. A hand fell on Pug's shoulder. Laurie's voice whispered in his ear, ""Looks like our venerable overseer was disturbed by the sound of Toffston's dying."" Pug tied a coil of rope securely around his waist. ""At least it ended quickly."" He turned to the tall blond singer from the Kingdom city of Tyr-Sog and said, ""Keep a sharp eye out. This one's old and may be rotten."" Without another word Pug scampered up the ...",,bed,Extracted from page 259
crydee_233,Magician,260,canon,architecture,"tagging along with a patrol in the hope of seeing Tsurani soldiers, either., He said he had wanted material for ballads that would make him famous throughout the Kingdom. He had seen more than he had hoped for. The patrol had ridden into a major Tsurani offensive, and Laurie ' -' had been captured. He had come to this camp over four months ago,.' and he and Pug had quickly become friends. Pug continued his climb, keeping one eye always searching for the dangerous tree dwellers of Kelewan. Rea...",,,Extracted from page 260
crydee_234,Magician,261,canon,architecture,"could order soldiers or freemen placed under his command. A young soldier came walking behind, a look of mild amusement on his face. He was clean-shaven in the manner of a Tsurani freeman, and as he looked up at Pug, the slave could get a good look at him. He had the high cheekbones and nearly black eyes that so many Tsurani possessed. His dark eyes caught sight of Pug, and he seemed to nod slightly. His blue armor was of a type unknown to Pug, but with the strange Tsurani military organizati...",,,Extracted from page 261
crydee_235,Magician,262,canon,architecture,"started to choke. Coughing and sputtering, he tried to keep calm but felt panic rise within him. He frantically pushed at the weight across him but couldn't move it. Abruptly he found his head above water, Laurie said, ""Spit, Pug! Get the muck out of your lungs, or you'll get lung fever."" Pug coughed and spit. With Laurie holding his head, he could catch his breath. Laurie shouted, ""Grab this branch. I'll pull him out from under."" Several slaves splashed over, sweat beading their bodies. They...",,,Extracted from page 262
crydee_236,Magician,263,implied,architecture,"guard. ""Take them back to camp and see to their needs."" Pug was grateful, not so much for himself as for Laurie. With a little rest, Pug could have returned to work, but an open wound in the swamp was a death warrant as often as not. Infections came quickly in this hot, dirty place, and there were few ways of dealing with them. They followed the guard. As they left, Pug could see the slave master watching them with naked hatred in his eyes. ThERE WAs A creaking of floorboards, and Pug came in...",,"table, door",Extracted from page 263
crydee_237,Magician,264,canon,architecture,"""Bring your wounded friend,"" the young soldier commanded Laurie. Laurie helped Pug to his feet, and they followed the officer out of the slave hut. He led them across the compound to his own quarters and ordered them to enter. Once inside, he instructed a guard to send for the camp physician. He had them stand in silence until the physician arrived. He was an old Tsurani, dressed in the robes of one of their gods which one the Midkemians couldn't tell. He inspected Pug's wounds and judged the...",,,Extracted from page 264
crydee_238,Magician,265,implied,architecture,"strange. In Crydee he would still be an apprentice, or if noble, continuing his education in statecraft. ""How do you speak so well?"" he asked of Pug. ""Master, I was among the first captured and brought here. There were only seven of us among so many Tsurani slaves. We learned to survive. After some time, I was the only one left. The others died of the burning fever or festering wounds, or were killed by the guards. There were none for me to talk with who spoke my own language. No other countr...",,,Extracted from page 265
crydee_239,Magician,266,implied,architecture,"The soldier clapped his hands once, and a guard was in the room in an instant. ""Send for the slave Chogana."" The guard saluted and left. ""It is good that he is Tsurani,"" said the soldier. ""You barbarians do not know your place, and I hate to think what would happen should I leave one in charge. He would have my soldiers cutting the trees while the slaves stood guard."" There was a moment of silence, then Laurie laughed. It was a rich, deep sound. Hokanu smiled. Pug watched closely. The young m...",,,Extracted from page 266
crydee_240,Magician,267,canon,architecture,"light. It stood empty, except for the young lord's bodyguard and the cook's crew. In the distance the sounds of the work crew echoed through the trees. ""When I was a boy, on my father's farm in Szetac,"" began Chogana, ""it was discovered I had a talent. I was investigated and found lacking."" The meaning of that last statement was lost on Pug, but he didn't interrupt. ""So I became a farmer like my father. But my talent was there. Sometimes I see things, Pug, things within men. As I grew, word o...",tower,gate,Extracted from page 267
crydee_241,Magician,268,implied,architecture,"Pug AND LauRIE sat on the steps of the temple, with six Tsurani guards ~ lounging around. The guards had been civil-barely-for the entire journey. The travel had been tiring, if not difficult. With no horses, nor anything to substitute for them, every Tsurani not riding in a needra cart moved by power of shanks' mare, their own or others. Nobles were carried up and down the wide boulevards on litters borne on the backs of puffing, sweating slaves. Pug and Laurie had been given the short, plai...",,,Extracted from page 268
crydee_242,Magician,269,implied,architecture,"the guards at the head of the procession would call out ""Shinzawai! Shinzawai!"" letting everyone know a noble approached. Only once did the party give way in the city; a group of red-clad men, robed in cloaks of scarlet feathers. The one that Pug took to be a high priest wore a mask of wood fashioned to resemble a red skull, while the others had red painted faces. They blew reed whistles, and people scattered to clear their line of march. One of the soldiers made a sign of protection, and lat...",,bed,Extracted from page 269
crydee_243,Magician,270,implied,architecture,"exclaim about this sight or that. Soon the guards were chuckling over the barbarians' obvious delight at the most mundane things. Every building they passed was fashioned from wood and a translucent material, clothlike but rigid. A few, like the temples, were constructed with stone, but what was most remarkable was that every building they passed, from temple to worker's hut, was painted white, except for bordering beams and door frames, which were polished deep brown. Every open surface was ...",,door,Extracted from page 270
crydee_244,Magician,273,canon,architecture,"If we keep sharp, we may be able to turn it to our advantage. Always remember that. Should a man want something from you, you can always make a bargain, no matter what the apparent differences in your stations."" ""Of course. Give him what he wants, and he'll let you live."" ""You're too young to be so cynical,"" Laurie countered, with mirth sparkling in his eyes. ""Tell you what. You leave the world-weary pose to old travelers such as myself, and I'll make sure that you don't miss a single opportu...",,,Extracted from page 273
crydee_245,Magician,276,canon,architecture,"coming from the front of the caravan. Guards came rushing forward, and Laurie turned to his shorter companion. ""What do you suppose that is all about?"" Not waiting for an answer, he jumped down and ran forward. Pug followed. As they reached the head of the caravan, behind the Lord of the Shinzawai's litter, they could see shapes advancing up the road toward them. Laurie grabbed Pug's sleeve. ""Riders!"" Pug could scarcely beleve his eyes, for indeed it appeared that riders were approaching alon...",,bed,Extracted from page 276
crydee_246,Magician,277,implied,architecture,"Hokanu had reached his father's side, from his place among the guards at the rear of the caravan, and was embracing the rider, exchanging greetings. The rider then embraced the Lord of the Shinzawai. Pug and Laurie could hear the rider say, ""Father! It is good to see you."" The Shinzawai lord said, ""Kasumi! It is good to see my firstborn son. when did you return?"" ""Less than a week ago. I would have come to Jamar, but I heard that you were due here, so I waited."" ""I am glad. who are these with...",,,Extracted from page 277
crydee_247,Magician,279,canon,architecture,"a painting. On the walls hung carvings, tapestries, and paintings, all done in fine style, small and delicate. The floor was covered, in Tsurani fashion, with a thick pile of cushions. Upon a large cushion Kamatsu, Lord of the Shinzawai, sat, across from him were his two sons. All were dressed in the short robes of expensive fabric and cut they used when off duty. Pug and Laurie stood with their eyes downcast until they were spoken to. Hokanu spoke first. ""The blond giant is called Lor-re, an...",,wall,Extracted from page 279
crydee_248,Magician,282,canon,architecture,"considerably. ""I try to keep the dogs healthy. We must keep them locked up, for they try to harry the cho-ja, who like them not at all."" for a moment Pug thought perhaps they had been taken from Midkemia as the horse had been. when he asked where they had come from, Rachmad looked at him as if he were crazy. ""You speak like you have been too long in the sun. There have always been dogs."" With that final pronouncement on the matter, he judged the conversation closed and left. LaTER ThaT NIGHT,...",kitchen,,Extracted from page 282
crydee_249,Magician,283,canon,architecture,"speed, Kasumi looked enraptured. ""Keep your heels down!"" shouted Pug. Then, without instructions from either slave, Kasumi kicked the horse hard in the sides and had the animal running over the fields. Laurie watched him vanish across the meadow and said, ""He's either a natural horseman or he's going to kill himself."" Pug nodded. ""I think he's got the knack. He's certainly not lacking courage."" Laurie pulled up a long stem of grass from the ground and put it between his teeth. He hunkered dow...",,,Extracted from page 283
crydee_250,Magician,284,canon,architecture,"out with his cho-ja companions. Well, those three cho-ja soldiers left this morning-which is why Bethel here is out of her pen-and I heard some gossip that the orders of the older son of the Shinzawai were suddenly changed. Put that together with these riding and language lessons and what do you have?"" Pug stretched. ""I don't know."" ""I don't know either."" Laurie sounded disgusted. ""But these matters are of high import."" He looked across the plain and said lightly, ""All I ever wanted to do was...",kitchen,,Extracted from page 284
crydee_251,Magician,287,canon,architecture,"Pug brushed back the hair from his eyes. ""Then what is to keep the Warlord's clan from claiming the office, if they are the most powerful?"" Kasumi looked troubled. ""It is not an easy thing to explain. Perhaps you would have to be Tsurani to understand. There are laws, but more important, there are customs. No matter how POWERFUL a clan becomes, or a family within it, only the lord of one of five families may be elected Warlord. They are the Keda, Tonmargu, Minwanabi, Oaxatucan, and the Xacate...",,table,Extracted from page 287
crydee_252,Magician,291,unknown,architecture,"after a moment said, ""when I was at Crydee, I thought for a time I was in love with Carline. But I don't know. Is that strange?"" Laurie shook his head. ""No, Pug. There are many ways to love someone. Sometimes we want love so much, we're not too choosy about who we love. Other times we make love such a pure and noble thing, no poor human can ever meet our vision. But for the most part, love is a recognition, an opportunity to say, ""There is something about you I",,,Extracted from page 291
crydee_253,Magician,292,canon,architecture,"Carline, I felt as if I had to keep her away, you know, at arm's length. Sort of keeping control of what went on, I think."" Laurie probed lightly. ""And Katala?"" Pug shrugged again. ""I don't know. It's different. I don't feel as if I have to keep her under control. It's more as if there are things I want to tell her, but I don't know how. Like the way I got all jammed up inside when she smiled at me the first time. I could talk to Carline, when she kept quiet and let me. Katala keeps quiet, bu...",,bed,Extracted from page 292
crydee_254,Magician,293,unknown,architecture,"wasn't meaning to make sport of you. You just caught me off guard."" He looked away, gathering his thoughts, then said, ""My father threw me out when I was just shy twelve years old, I was the eldest boy, and he had seven other mouths to feed. And I was never much for farming. A neighbor boy and I walked to Tyr-Sog and spent a year living on the streets. He joined a mercenary band as a cook's monkey and later became a soldier. I hooked up with a traveling troupe of musicians. I apprenticed to a...",,,Extracted from page 293
crydee_255,Magician,294,canon,architecture,"""She married again. He was a good man, an innkeeper on the road from Malac's Cross to Durrony's Male. His wife had died the year before of fever, leaving him with two small sons. She tried to explain things to me, but I wouldn't listen. What did I know? I was not quite sixteen, and the world was a simple place."" Pug nodded. ""I know what you mean.' Laurie said, ""Look, what I'm trying to say is that I understand your problem. I can explain how things work. . . ."" Pug said, ""I know that. I wasn'...",,door,Extracted from page 294
crydee_256,Magician,298,canon,architecture,"horses. They rode down upon us, and our soldiers died. But then I came to see what magnificent creatures they are. There were other prisoners, when I was still back on your world, who said you have noble families who are known for nothing so much as the fine stock of horses they breed. Someday the finest horses in the Empire shall be Shinzawai horses."" ""By the look of these, you have a good start, though from what little I know, I think you need a larger stock for breeding."" ""We shall have as...",,,Extracted from page 298
crydee_257,Magician,300,implied,architecture,"he had seen soldiers. Both sons of the house were soldiers, as had been their father in his youth. Hokanu was First Strike Leader of his father's garrison, due to his being the Lord of the Shinzawai's second son, but his dealing with the slave master at the swamp camp showed a ruthless efficiency in Hokanu, and Pug knew it to be no quirk. He was Tsurani, and the Tsurani code was taught at a very early age, and fiercely followed. Kasumi sensed he was being studied and said, ""I fear I am becomi...",,bed,Extracted from page 300
crydee_258,Magician,301,canon,architecture,"Hokanu and the household guard came running from the soldiers' building and took up positions near the corral. Archers readied their bows, and swordsmen stood in ranks, ready to accept the charge. Suddenly Laurie was at Pug's side, holding his nearly finished lute. ""what?"" ""ThUn raid!"" Laurie stood as fascinated by the sight as Pug. Suddenly he put his lute aside, then jumped into the corral. ""What do you think you're doing?"" yelled Pug. The troubadour dodged a protective feint by the grey st...",,"bed, gate",Extracted from page 301
crydee_259,Magician,302,canon,architecture,"herd leader as Laurie brought her past the gate. Pug saw Kasumi running from the tack house, a saddle in his hand, and shouted, ""Whoa!"" setting as hard a seat as he could manage bareback. The stallion halted and Pug commanded, ""Stand!"" The grey pawed the ground in anticipation of a fight. Kasumi shouted as he approached, ""Keep the horses from fighting. This is a Blood Raid, and the ThUn will not retreat until each has killed at least once."" He called for Laurie to stop, and when the small her...",,"gate, door",Extracted from page 302
crydee_260,Magician,305,unknown,architecture,"""Say a word in anger within earshot of any soldier of this house, especially my brother, and you are a dead slave."" Stiffly Pug said, ""Your will, master."" Witnessing the bitterness of Pug's expression, Kasumi softly repeated, ""There are reasons, Pug."" for a moment he was trying to be other than a Tsurani master, a friend trying to ease pain. He locked gaze with Pug, then a veil dropped over Kasumi's eyes, and once more they were slave and master. Pug lowered his eyes as was expected of a slav...",,,Extracted from page 305
crydee_261,Magician,306,canon,architecture,"Festival of Banapis the year before he had left Crydee for Rillanon. He could almost see once more the familiar sights of home. for the first time in years, Pug felt a deep sadness and longing that nearly overwhelmed him. Pug swallowed hard, easing the tightness in his throat. Homesickness and hopeless frustration warred within him, and he could feel his hardlearned selfcontrol slipping away. He quickly invoked one of the calming exercises he had been taught by Kulgan. A sense of well-being s...",,wall,Extracted from page 306
crydee_262,Magician,307,unknown,architecture,"""I am Pug, once of the Duke of Crydee's court."" ""who are you, to stand here radiating the power?"" At this all three men of the Shinzawai household started, and Laurie looked at Pug in confusion. ""I am a slave, master.' ""Give me your hand."" Pug reached out, and his hand was taken by the Great One. The man's lips moved, and his eyes clouded over. Pug felt a warmth through his hand and over him. The room seemed to glow with a soft white haze. Soon all he could see was the magician's eyes. His mi...",,,Extracted from page 307
crydee_263,Magician,308,canon,architecture,"Since the siege of Castle Crydee three years before, the outworlders had come each spring, swarming across the river like ants, a dozen for each elf. Each year elven magic had defeated them. Hundreds would enter the sleeping glades to fall into the endless sleep, their bodies being consumed by the soil, to nourish the magic trees. Others would answer the dryads' call, following the enchanted sprites' songs until in their passion for the elemental beings they would die of thirst while still in...",Tower,,Extracted from page 308
crydee_264,Magician,309,canon,architecture,"Towers known for eavesdropping, Dolgan?"" The dwarven chief ignored the bite of the question. ""Usually not, my lady. But I was out for a walk-those little tree rooms fill with smoke right quickly-and I happened to overhear. I did not wish to interrupt."" Calin said, ""You can move with stealth when you choose, friend Dolgan."" Dolgan shrugged and blew a cloud of smoke. ""Elvenfolk are not the only ones with the knack of treading lightly. But we were speaking of the lad. If what you say is true, th...",Tower,,Extracted from page 309
crydee_265,Magician,310,canon,architecture,"out into the snow, seeing what no other can see. He keeps the armor locked away in his room during such times, and when campaigning, he never removes it, even to sleep. He has changed, and it is not a natural changing. No, he would never willingly give up the armor."" ""We could try to force him,"" said the queen, ""but that could prove unwise. There is something coming into being in him, something that may save my people, and I would risk much for them."" Dolgan said, ""I do not understand, my lad...",,,Extracted from page 310
crydee_266,Magician,312,canon,architecture,"not live to regret letting him keep the armor. The Queen stepped down from her throne. ""I also hope there will be no regrets, Dolgan. Here in Elvandar the old magic is softened, and Tomas is of lighter heart. Perhaps that is a sign we do the right thing, tempering the change rather than opposing it."" Dolgan made a courtly bow. ""I yield to your wisdom, my lady. And I pray you are right."" The Queen bade them good night and left. Calin said, ""I also pray my Mother-Queen speaks from wisdom, and n...",,,Extracted from page 312
crydee_267,Magician,314,implied,architecture,"the outworld soldiers sitting near their campfires, and smiled. ""They hug their camps,"" he whispered. Galain nodded. ""We have stung them enough that they seek the warmth of their campfires."" The late spring evening mist shrouded the area, mantling the Tsurani camp in haze. Even the campfires seemed to burn less brightly. Tomas again studied the camp. ""I mark thirty, with thirty more in each camp east and west."" Galain said nothing, waiting for Tomas's next' command. Though Calin was Warleader...",,,Extracted from page 314
crydee_268,Magician,315,canon,architecture,"him, and knew Tomas could now walk the dark mines of the Grey Towers without fear or danger. ""Have the other scouts returned?"" Dolgan nodded, signaling for them to come forward. Three elves and three dwarves approached. ""Any sign of the Black Robes?"" when the scouts indicated no, the man in white and gold frowned. ""We would do well to capture one of them and carry him to Elvandar. Their last attack was the deepest yet. I would give much to know the limits of their power."" Dolgan took out his ...",Tower,,Extracted from page 315
crydee_269,Magician,316,implied,architecture,"the position across the river. The soldiers in the Tsurani camp stood and looked both ways, with several coming to the edge of the water, peering into the dark forest. Tomas raised his hand and dropped it with a chopping motion. Suddenly it was raining elven arrows on the camp across the river, :and Tsurani soldiers were diving for their shields. Before they could fully .~arm, Tomas led a charge of dwarves across the shallow sandbar ford. another flight of arrows passed overhead, then the elv...",,,Extracted from page 316
crydee_270,Magician,317,unknown,architecture,"Dolgan slew a guard and found none to stand against him. He turned and saw Galain standing over another dead Tsurani, but staring at something beyond. The dwarf followed his gaze to where Tomas was standing over a wounded Tsurani soldier who lay with blood running down his face from a scalp wound, an arm upraised in a plea for mercy. Over him stood Tomas, his face an alien mask of rage. With a strange and terrible cry, in a voice rough and harsh, he brought down his golden sword and ended the...",,,Extracted from page 317
crydee_271,Magician,318,unknown,architecture,"Tomas asked, ""Any news from Crydee?"" ""Pigeons arrived just before I left. Prince Arutha holds fast against the Tsurani. They have luck as poor there as here. But they move southward through the Green Heart."" He surveyed the dwarves and Tomas. ""I am surprised that you could reach Elvandar."" Dolgan puffed his pipe. ""It was a long trek. We had to move swiftly and with stealth. It is unlikely we will be able to return to the mountains now the invaders are aroused. Once in place, they are loath to...",,,Extracted from page 318
crydee_272,Magician,319,canon,architecture,"must seek to drive us deep into the forest again, to keep us from harrying their positions."" He crossed to stand over the ranger. ""Do any of the black-robed ones come?"" ""From time to time I saw one with the company I followed."" Tomas again slapped his hands. ""This time they come in force. Send word to the other camps. In two days' time all the host of Elvandar is to meet at the queen's court, save scouts and runners who will watch the outworlders."" Silently runners sprang up from the fire and...",,bed,Extracted from page 319
crydee_273,Magician,320,unknown,architecture,"knew that he would never be Tomas of Crydee again, but what was he becoming? The slightest hint of a footfall sounded behind him. Without turning, he said, ""Good eve, my lady.""",,,Extracted from page 320
crydee_274,Magician,322,canon,architecture,"that which will also keep us apart?"" Aglaranna put her hand to her cheek. ""I know not. It has never been with the royal family to be other than what we are. Others may seek alliance with humans. I would not have that sadness when you are old and grey and I am still as you see me."" Tomas's eyes flashed, and his voice gained a harsh edge. ""That will never happen, lady. I shall live a thousand years in this glade. Of that I have no doubt. But I shall trouble you no more . . . until other matters...",,,Extracted from page 322
crydee_275,Magician,323,unknown,architecture,"dragon's gift. Well met, Tomas of Crydee."" Tomas stepped back. The man's eyes radiated power, and his easy manner veiled strength that Tomas could feel. ""who are you?"" The man said, ""I have many names, but here I am called Macros the Black."" He pointed with his staff and swept it around the gathered watchers. ""I have come, for you have embarked upon a bold plan."" At the last, he pointed his staff at Tomas. He dropped the tip and leaned on the staff again. ""But the plan to capture a Black Robe...",,,Extracted from page 323
crydee_276,Magician,325,unknown,architecture,"do, Tomas of Crydee, do I not?"" He turned to the others and with a sweep of his staff said, ""Ready yourselves. I shall be with you."" To the Queen he said, ""I would rest, if you have a place for me?"" The queen turned to the elf who had brought Macros to the council. ""Take him to a room, bring him whatever he requires."" The sorcerer bowed and followed the guide. The others stood in silence, until Tomas said, ""Let us make ready."" As NIGHT GAVE way to dawn, the queen stood alone near her throne. ...",,,Extracted from page 325
crydee_277,Magician,328,unknown,architecture,"much I do know. Somehow the boy from Crydee, in his love for you and yours, in his simple human caring, has so far withstood the most powerful member of the most powerful mortal race ever to have lived upon this world. And he is well served in withstanding the terrible pain of ' that conflict of two natures by the soft arts of your Spellweavers."" She looked hard at Macros. ""You know of this?"" He laughed with genuine amusement. ""Lady, I am not without some vanity. I'm stung you'd think you cou...",,,Extracted from page 328
crydee_278,Magician,329,canon,architecture,"""Do you advise me to keep him here?"" ""I can only point out the alternatives. You must decide. The Elf queen threw back her head, her red-gold locks flying and her eyes moist, looking out over Elvandar. The first light of day was breaking. Rosy light lanced through the trees, casting shadows of deep blue. The morning songs of birds could be heard around the glades. She turned to Macros, wishing to thank him for his counsel, and found him gone. The Tsurani ADVANCED as Macros had foretold. The c...",Tower,,Extracted from page 329
crydee_279,Magician,330,implied,architecture,"arrows to the fray. Tsurani soldiers were struck and fell before they could come to grips with the enemy. Their own bowmen could not return the fire, for they were harried by a hundred tiny foes. The elves watched as the Tsurani tried to hold position, while the birds continued their bloody work in their midst. The Tsurani fought back as best they could, striking down many birds in midflight, but for each one killed, three took its place. Suddenly a hissing, tearing sound cut through the din....",,bed,Extracted from page 330
crydee_280,Magician,332,implied,architecture,"The Elf Prince sent soldiers to follow the retreating invaders, to care for the allied wounded, and to give the dying Tsurani quick mercy. Tomas made his way to the small room where he abided, and pulled aside the curtain. He sat heavily upon his pallet, tossing aside his sword and shield. A dull throbbing in his head caused him to close his eyes. Memories came flooding in. THE HEhVENs wERE torn with mad vortices of energy crashing from horizon to horizon. Ashen-Shugar sat upon mighty Shuruga...",,,Extracted from page 332
crydee_281,Magician,334,canon,architecture,"wall opposite his door, at the first hint of day. Another man in black came down the corridor and another waiting youth left behind him. Soon a third. Then a fourth. After a time he found himself alone. The hallway was silent. A figure emerged from the darkness, his robes conspiring to mask his coming until the last few feet. He stood before the young man in white and nodded, pointing down the corridor. The youth fell in behind his blackrobed guide, and they made their way down a series of to...",,"bed, wall, door",Extracted from page 334
crydee_282,Magician,335,canon,architecture,"camp. A great kitchen with boys hurrying about many tasks. A room in a high tower. Each passed with blinding quickness, leaving only an afterimage in its passing. Daily a voice would sound in his head, and his mind's voice would respond with an answer, while he labored at his endless task. The voice would ask a simple question, and his mind's voice would answer. Should the answer be incorrect, the question would be repeated. If several wrong answers were made, the voice would cease its questi...","tower, kitchen",,Extracted from page 335
crydee_283,Magician,339,canon,architecture,"Shimone through the door and found himself upon an open flat roof, atop a high tower. From the center of the roof a single spire rose. Skyward it shot, a needle of fashioned rock. Winding upward around it was a narrow stairway, carved into the side of the needle. Milamber's eyes followed it until the top was lost in the clouds. He found the sight fascinating, for it seemed to violate several canons of physical law that he had studied. Still, it stood before him, and what was more, his guide w...",tower,"stair, window, door",Extracted from page 339
crydee_284,Magician,340,canon,architecture,"soldiers in a border clash. In counterpoint there was a faint echo of a dying Tsurani soldier, crying for his family. From the north came the smell of ice and the sound of the hooves of thousands of Thun pounding over the frozen tundra, heading south for warmer lands. From the west, the laughter of the young wife of a powerful noble teasing a halfterrified, half-aroused household guard into betraying her husband, away conducting business with a merchant in Tusan to the south. From the east, t...",tower,,Extracted from page 340
crydee_285,Magician,341,canon,architecture,"south. The tower, or the needle upon it, swayed slightly, and he unconsciously shifted his weight to compensate. Lightning flashed as the storm clouds rushed toward him, and thunder broke around his head. The very sound was enough to dislodge him from the small platform, and he was forced to delve deeper into his inner well of power, into that silent place known only as waI, and there he found the strength to resist the onslaught of the storm. Winds buffeted him, slamming him toward the platf...",tower,,Extracted from page 341
crydee_286,Magician,342,implied,architecture,"each for a specific purpose, so strong and well-armed soldiers protect the foragers. More food is brought to the hive, and the race begins to prosper. Over the plains the young Thun males race, fighting among themselves with rocks and sticks, fists and fang. They clash knowing only there is a nameless urge driving them on, demanding that one or another from their band drive off the others and sire the next generation of young. It will be ages before they become reasoning beings, able to work ...",,,Extracted from page 342
crydee_287,Magician,343,implied,architecture,"skin. These are fighting men, but not organized soldiers, for they wear robes of different cut and color one from the other. Each steps down off the bridge, some showing wounds, all hiding terror behind implacable expressions. Over their shoulders they carry long swords of fine steel, fashioned with great care. The tops of their heads are shaved, with the hair around pulled back into a knot. These bear the proud look of men unsure if they are better off for having survived the battle. Mixed",,,Extracted from page 343
crydee_288,Magician,345,canon,architecture,"towers ascend to the skies. Its people are industrious, and the city prospers. Caravans of trade goods come overland, and great ships call from across the sea. Years speed by, bringing war and famine, peace and bounty. One day a ship pulls into the harbor, as scarred and ill as its crew. A great battle has been fought, and this ship is one of the few to survive. Those across the water will come soon, and the City of the Plains will fall if help is not forthcoming. Runners are sent north to th...",tower,,Extracted from page 345
crydee_289,Magician,346,implied,architecture,"His demand: bring proof. The magicians shake their heads and return to their modest halls. Decades pass, and the magicians conduct a campaign of propaganda, seeking to influence any noble of the Empire who will listen. The day arrives when the news is proclaimed that the Emperor is dead and his son now reigns. The magicians gather with all who can travel to the Holy City for the coronation of the new Emperor. Thousands of people line the streets, while slaves bear the nobles of the land in li...",,,Extracted from page 346
crydee_290,Magician,347,canon,architecture,"from the Assembly, orders the building of a great castle upon an island in the center of the giant lake in the midst of the mountains of Ambdina. Time PASSES. Hundreds of black-clad magicians stand atop towers that rise from the city of the island, not yet the magnificent single entity of the future. Two hundred years have passed, and now two suns burn in the sky, one warm and yellow-green, the other small, white, and angry. The watcher sees the men work their magic, the greatest spell cast i...",tower,,Extracted from page 347
crydee_291,Magician,348,canon,architecture,"again upon the towers. Now, instead of the invading Stranger, they regard a starless sky. Another spell, years in the fashioning, is being incanted. when it is finished, the earth reverberates with violent energies. Suddenly the sky is ablaze with stars, and Kelewan is again in its normal place. ""Things are not always what they seem,"" says a voice. The Emperor sends a command that the full Assembly should come to the Holy City at once. By ones and twos they use the patterns to travel to Kento...",tower,,Extracted from page 348
crydee_292,Magician,349,canon,architecture,"twenty who stood upon towers against the Stranger answers the Emperor's call. They advance to stand before Tukamaco, forty times Emperor, descendant of Sudkahanchoza, and Light of Heaven. The EmFror asks if the Assembly will accept the charge to stand ever vigilant over the Empire, protecting it until the end of time. The magicians confer and agree. The Emperor then leaves his throne and abases himself before the assembled magicians, something never done before. He sits back and, still on his...",tower,"table, window",Extracted from page 349
crydee_293,Magician,350,canon,architecture,"was by far the most opulent. The hangings on the walls were rich cloth, enhanced with the finest threadwork, and there were several valuable metal objects adorning various shelves. Milamber made a study of his host as well. The heavyset magician showed Milamber to a cushion before a low table and then poured cups of chocha. His plump hands moved with controlled ease, precisely and efficiently. His dark, nearly black, eyes shone from under the thick brows that accented an otherwise deceptively...",Tower,"table, wall",Extracted from page 350
crydee_294,Magician,351,canon,architecture,"to keep him silent. Hochopepa was trying to make a point, . and Milamber would wait to hear what it was, no matter how roundabout the stout magician insisted on being. When Milamber said nothing, Hochopepa continued. ""Your position for several reasons. The obvious one is that you are the first to wear the black who is not of this world. The second is that you were the apprentice of a Lesser Magician."" Milamber raised an eyebrow. ""Kulgan? You know of my training?"" Hochopepa laughed, a genuine ...",Tower,,Extracted from page 351
crydee_295,Magician,352,canon,architecture,"the Tower reeks of Grand Opera. You may avail yourself of the libraries should you seek history rather than theater."" Seeing Milamber's attentions were elsewhere, Hochopepa said, ""In any event, we were speaking of other things."" Milamber said, ""I would hear of your problem."" Hochopepa adjusted his robe, smoothing the creases. ""Indulge me a moment longer for a brief digression. It all has bearing on why I asked you here."" Milamber signified that Hochopepa should continue. ""Little is known of o...",Tower,bed,Extracted from page 352
crydee_296,Magician,356,canon,architecture,"since the sege of Crydee, Charles had met Martin's expectations, proving his loyalty and worth a dozen times. He had also become a passable woodsman, though he would never have Garret or Martin's natural ease. Whispering, Charles said, ""Huntmaster, I mark many new banners."" 'Where?"" :' Charles pointed to a spot near the farthest edge of the Tsurani camp. with the aid of the dwarves remaining in the high villages, Martin and his two companions had made the dangerous climb over the Grey Towers,...",Tower,,Extracted from page 356
crydee_297,Magician,357,canon,architecture,"piece of dried beef and chewed it. The climb over the Grey Towers, even with the dwarves' help, had taken its toll: they all were hungry, tired, and dirty. ""where are the new companies of soldiers?"" Martin asked. ""They won't bring them through this winter. They can stage outside the City of the Plains on Kelewan, at ease in a milder climate. They'll move through the rift just before the spring thaw. By the time flowers are blooming in Princess Carline's garden again, they'll be marching."" A h...",Tower,bed,Extracted from page 357
crydee_298,Magician,358,canon,architecture,"Martin felt his eyes tearing and blew hard through his nose to keep from sneezing. ""Pepper!"" Garret said, ""Mastercook Megar will be angry, but I thought we might need it. The cho-ja and the dogs will smell nothing for hours if they sniff around here."" Martin nodded. ""Upstream!"" the three men splashed through the water, then got into a quieter rhythm. They were out of sight of the place where they entered the stream when the baying of the dogs was interrupted by sneezes. Angry voices commands,...",Tower,"bed, wall",Extracted from page 358
crydee_299,Magician,359,canon,architecture,"of the wall, the slow, controlled gesture a clear sign of his frustration. 'i've regretted the need for his going a hundred times. Of the three, only Garret shows any sense of caution. That Charles is a Tsurani madman, consumed by honour, and Longbow is . . .' ""Longbow,' finished roland. 'i've never met a man who reveals so little of himself, roland. If I live as long as an elf, I don't think I'll ever understand what makes him the way he is.' roland leaned against the cool stones of the wall...",tower,wall,Extracted from page 359
crydee_300,Magician,360,canon,architecture,"relief in his voice. Leaving the wall, Arutha descended the steps to the courtyard to wait for the Huntmaster and his men. roland stood by his side as the three dusty men entered the gates of the castle. Both Garret and Charles remained silent as Martin said, 'Greetings, Highness.' ""Greetings, Martin. What news?' asked the Prince. Martin began to recount the facts unearthed at the Tsurani camp, and after a moment, Arutha cut him off. 'Better save your wind for the council, Martin. roland, go ...","Tower, courtyard","bed, chair, wall, gate",Extracted from page 360
crydee_301,Magician,361,canon,architecture,"rivals, nor small enough to be relegated to only minor roles. We had the benefit of knowing much of the matters before the High Council without having to worry overly much about what decisions were made. Our clan was active in the Party for Progress, for we numbered many scholars, teachers, healers, priests, and artists in our families. 'Then for a time the Hunzan Clan left the Party for Progress, for reasons not clear to any but the highest family leaders, reasons I can only speculate on. My...",,gate,Extracted from page 361
crydee_302,Magician,362,canon,architecture,"soldier who's a member of the Blue Wheel families. I took it to mean the Alliance for War had been ended.' Fannon interrupted. 'Are you then saying the conduct of this war is but an aspect of some political game in this High Council?' Charles said, ""Swordmaster. I know it is difficult for a man as steadfast in his loyalty to his nation as you are to understand such a thing. But that is exactly what I am saying. 'There are reasons, Tsurani reasons, for such a war. / Your world is rich in metal...",,"table, gate",Extracted from page 362
crydee_303,Magician,363,canon,architecture,"once more allied with the Warlord, and their soldiers will be rejoining the war come spring."" Charles looked at those in the council hall. ""I cannot begin to guess why there has once again been a realignment in the council. I am too far from the game. But as His Highness has said, what is important for those of us here in Crydee to know is that as many as ten thousand fresh soldiers may come against one of the fronts in the Spring."" Amos scowled. ""That's a backbreaker, for certain."" Arutha un...",,,Extracted from page 363
crydee_304,Magician,364,implied,architecture,"available soldier. We dare not pull men from the south for fear of the Tsurani moving against Jonril. With the ,garrison strengthened, we will have a stable situation .down there for a while. Should the enemy attack the garrison, it can be reinforced from Carss and Tulan. Should the enemy move against either castle, they leave Jonril at their back. But all that will fail should we strip those garrisons. 'And Father is committed to a long front and has no men to spare.' He looked at Charles. ""...",,"table, chair",Extracted from page 364
crydee_305,Magician,367,unknown,architecture,"before leaving Crydee, say tender good-byes to your sister, write your father and brother, and leave any testaments and legacies in order.' Without changing expression, Arutha said, ""The letters and legacies are written, and Carline and I dine alone tonight."" Amos nodded. ""We'll leave on the morning tide. This ship's a slabsided,",,,Extracted from page 367
crydee_306,Magician,368,canon,architecture,"company but soldiers and a few farmers in that gods-forsaken fort."" Carline covered her mouth as she giggled. ""I hope your father doesn't discover you've gambled away his barony to the soldiers come spring "" Roland smiled at her. ""I'll miss you."" Carline took his hands in hers. ""And I you."" They stood in tableau for a time, then suddenly Carline's facade of bravery cracked, and she was in his arms. ""Don't let anything happen. I couldn't bear losing you."" 'I know,' he said gently. ""But you mus...",,"table, wall",Extracted from page 368
crydee_307,Magician,369,canon,architecture,"can best any man of the castle, save your father. Step down from the gangway and draw your sword and I'll show you why I still wear the badge of Swordmaster.' Arutha held his hands up in mock supplication. 'Fannon, it is good to see such sparks again. Crydee is well protected by her Swordmaster.' Fannon stepped forward and placed his hand upon Arutha's shoulder. 'Take care, Arutha. You were always my best student. I should hate to lose you.' Arutha smiled fondly at his old teacher. 'My thanks...",,,Extracted from page 369
crydee_308,Magician,370,canon,architecture,"not put back north for Crydee as you said in Tulan. Unless you mean for us to sail on to Keshian Elarial, there's nothing south save the straits. Do you mean to pass the Straits of Darkness?"" Amos roared, ""Damn you, man. Do you question my orders?"" ""Aye, Captain. Tradition holds there's no valid compact between captain and crew to sail the straits in winter, save by agreement. You lied to us, and we're not obliged to sail with you."" Arutha heard Amos mutter, ""A bloody sea-lawyer."" To the sail...",,bed,Extracted from page 370
crydee_309,Magician,371,unknown,architecture,"spring ice upon the river Crydee. ""Hard aport!"" Amos shouted, leaning heavily into the tiller. When the ship heded, he shouted to Arutha, ""Another day of these gods-cursed winds buffeting this ship, and we'll be lucky if we can turn and run back to Tulan."" They were nine days out of Tulan, the last three spent in the storm. The ship had been relentlessly pounded by waves and wind, and Amos had been in the hold three times, inspecting the repairs to the keelson. Amos judged them due west of th...",,,Extracted from page 371
crydee_310,Magician,372,canon,architecture,"or flurries of snow blown down from the Grey Towers tried to fall, only to be caught by blasts of wind and tossed back upward again, to try to fall once more. Waterspouts suddenly erupted upward to spin madly for minutes, then dissolve into blinding cascades. Ragged bolts of lightning cracked and were followed by booming thunder as all the fury of colliding weather fronts was unleashed. Currents from two seas met and swirled about, creating sudden shifts and eddies that could turn a ship unex...",Tower,,Extracted from page 372
crydee_311,Magician,373,unknown,architecture,"Prince of Crydee! Pull if you wish to ever see dry land again!"" Arutha hauled upon the tiller, forcing the balky ship away from the terrible stone embrace mere yards away. Again they felt the ship shudder as another low grinding sound came from below. Amos whooped. ~'If this barge has a bottom when we're through, I'll be amazed.""",,,Extracted from page 373
crydee_312,Magician,374,canon,architecture,"could do was give himself over to one task, keeping the ship heading past the jagged rocks. Every fiber of his being laughed in terror, in joy at being reduced to this lower level of existence, this primal state of being. Nothing existed save the need to do this one thing, upon which all was wagered. Arutha entered a new state of awareness. Seconds, minutes, hours lost all meaning. He struggled, with Amos, to keep the ship under control, but his senses recorded everything around him in minute...",,,Extracted from page 374
crydee_313,Magician,376,canon,architecture,"or they could be keeping an eye out for Keshian ships straying, It's hard to guess. Queg treats the whole of the Bitter Sea as her territory, I'd as soon avoid finding out what they're up to as not."" The rest of the day passed uneventfully and Arutha enjoyed a sense of respite after the dangers of the last few days. The night brought a clear display of stars, he spent several hours on deck studying the bright array in the heavens. Martin came on deck and found him looking upward. Arutha heard...",,,Extracted from page 376
crydee_314,Magician,377,unknown,architecture,"seven full years have passed since I came to Crydee. Something has tickled my mind since first meeting you."" ""What is that, Amos?"" ""You're a man of mysteries, Martin. There're many things in my own life I'd not wish re-counted now, but with you it's something else."" Martin appeared indifferent to the course of conversation, but his eyes narrowed slightly. ""There's little about me not well known in Crydee."" 'True, but it is that little which troubles me."" ""Put your mind at ease, Amos. I am the...",,,Extracted from page 377
crydee_315,Magician,378,canon,architecture,"great hall. Should you grow a beard like his, the resemblance would shout for the world to see. All in the castle remark how Arutha grows to resemble his mother less and father more each passing year, and I've been nagged since we first met why no one else noticed he resembles you as well. I expect they don't notice because they choose not to. It explains so much: why you were granted special favour by the Duke in placing you with the old Huntmaster, and why you were chosen Huntmaster when a ...",great hall,,Extracted from page 378
crydee_316,Magician,379,canon,architecture,"travels through the hills of Crydee looked down upon him. The constellations shone in the night, the Beasthunter and the Beasthound, the Dragon, the Kraken, and the Five Jewels. He turned his attention to the sea, staring down into the blackness, lost in thoughts he had once imagined buried forever. ""LaND Ho!"" shouted the lookout. ""Where away?"" answered Amos. ""Dead ahead, Captain."" Arutha, Martin, and Amos left the quarterdeck and quickly made their way to the bow. As they stood waiting for l...",tower,,Extracted from page 379
crydee_317,Magician,380,canon,architecture,"over every tower in the city. When a dowdy serving wench came, Amos ordered three mugs of ale, and the Men waited in silence until they were brought. When the servingwoman was gone, Amos said, ""We'll have to pick our way carefully now."" Arutha's expression remained fixed. ""How long before we can sail?' ""Weeks, at least three. We've got to get the hull repaired, and the keelson replaced correctly. How long ~will depend on the shipwrights. Winter's a bad time: the fair-weather traders haul out ...",tower,,Extracted from page 380
crydee_318,Magician,381,canon,architecture,"soldiers to Crydee, both in expenses and bribes.' ""Well then,' said Amos, 'even so it will be a week or two. You don't usually stroll into a ship's brokerage and pay gold for the first ship offered, not if you wish to avoid notice. And most of the ships sold are fairly worthless. It will take time.' ""And,' put in Martin, 'there's the straits.' ""That's true,' agreed Amos, ""though we could take a leisurely turn up the coast to Sarth and wait to time our run through the straits.' 'No,' said Arut...",,"stair, table, chair, Stair, door",Extracted from page 381
crydee_319,Magician,382,canon,architecture,"taken place. Just remember to keep your mouth shut and ears open.'Rumormongers'l sell you what you want to know-then turn around and sell news of your asking to the city guard so fast it'd make you spin to' watch."" Amos stretched, then said, 'It's still early, but I think we should have a hot meal, then to bed. We've a lot of prowling about to accomplish."" With that he rose and opened the door, and the three returned to the common room. Arutha munched upon a nearly cold meat pie. Lowering his...",,"bed, gate, door",Extracted from page 382
crydee_320,Magician,383,canon,architecture,"steam room. The large room was completely tiled, though the walls and floors were stained and showed patches of green. The air was close and fetid. A small half-naked boy squatted in the centre of the room, before the bed of rocks that supplied the steam. He alternately fed wood to the huge brazier below the stones and poured water upon them, generating giant clouds of steam. When they were seated upon a bench, in the farthest corner of the room, Arutha said, ""Why a bathhouse?' Amos whispered...",,"bed, wall",Extracted from page 383
crydee_321,Magician,384,canon,architecture,"the garrison barracks. I overheard some soldiers at their ease saying they were to leave at first light for a campaign. When the object of one soldier's momentary ardor asked when she would see him again, he said, 'As long as it takes to march to the vale and back, should luck be with us,' at which point he invoked Ruthia's name, so that the Lady of Luck would not view his discussion of her province disfavorably."" ""The vale?"" said Arutha. ""That can only mean a campaign down into the Vale of D...",barracks,,Extracted from page 384
crydee_322,Magician,385,canon,architecture,"guards could be down on you in minutes."" He was quiet for a moment, Then he smiled. ""I have the very place! When the town watch hour bell, two hours after sunset, meet me at the east end of the square."" The boy returned and tossed a small bundle of incense upon the fire, cutting off conversation. Arutha settled back and drank the chilled wine, rapidly warming in the heat of the steam room. He closed his eyes, but was not relaxing, as he considered the situation. After a while he began to feel...",,,Extracted from page 385
crydee_323,Magician,386,implied,architecture,"Erland's personal guards still patrol the palace grounds, so there must be limits to Guy's control. Second, several of Erland's courtiers entered and left freely enough, so some large portion of the daily business of governing the Western Realm must remain unchanged."" Amos stroked his chin, thinking. ""That would seem logical. Guy brought his army with him, not his administrators. They're still back ; running Bas-Tyra."" ""Which means Lord Dulanic and others not entirely sympathetic to Guy might...",,,Extracted from page 386
crydee_324,Magician,387,canon,architecture,"the palace, even if through the sewer. I'll keep my eyes open for any of Erland's men who might wander through the great square. Martin, you'll have to simply keep your ears open.' With a long sigh of resignation, Amos said, ""Getting into the palace is a risky plan, and I don't mind telling you I don't care for the odds. Amos looke at a nearby temple. ""I may even bounce into Ruthias temple and ask the Lady of Luck to smile upon us."" Arutha fished a gold coin from his purse and tossed it to Am...",courtyard,"table, gate, window",Extracted from page 387
crydee_325,Magician,388,canon,architecture,"While the soldiers continued to pass below, Arutha and his companions watched in silence. Then, with the sun rising in the east, the last soldiers disappeared along the streets to the harbor. THE MORNINg after Guy's army had marched, it was announced the city . was sealed, the gates closed to all travelers and the harbor blockaded. Arutha judged it a normal practice, to prevent Keshian agents from leaving the city by fast sloop or fast horse to carry word of Guy's march. Amos used a visit to ...",,"gate, door",Extracted from page 388
crydee_326,Magician,389,canon,architecture,"'I wandered into a tavern near the barracks, just before the midday meal. With the army gone from the city, there was little business. One man did enter, just as I was readying to leave. A scribe with the city's Quartermaster, he was fit to burst with a rumour and in need of someone to tell it to. So , with the aid of some wine , I obliged him by playing the simple woodsy, and by showing respect for so important a personage. 'Three things this man told me. Lord Dulanic has disappeared from Kr...",barracks,gate,Extracted from page 389
crydee_327,Magician,392,canon,architecture,"and slaps you into the dungeon. It just isn't right, no sir. Just because a Man's between ships doesn't give anyone the right to ship him out with Lord Jessup's fleet for seven years. Seven years of chasing pirates and fighting Quegan war galleys!"" Amos's eyes narrowed. ""How is it that Guy rules in Krondor? We've heard stories, but they seem confused."" "" . Radburn nodded. ""Right you are, Captain. For it is confusing. A Month ago, Lord Guy rides in with his army behind, flags a'waving, drums b...",dungeon,"stair, window, door",Extracted from page 392
crydee_328,Magician,393,canon,architecture,"window's ledge was the roof of the stable. Arutha stepped out, Amos and Martin following. They hurried carefully down the steeply sloping roof until they reached the edge. Arutha leaped down, landing quietly, followed a moment later by Martin. Amos landed more heavily, but suffered only a minor bruise to his dignity. They heard a cough and an oath, and looked up to see a bloodied face at the window. Radburn shouted, ""They're in the courtyard!"" as the three fugitives started for the gate. Amos...",courtyard,"table, gate, window, bed, wall",Extracted from page 393
crydee_329,Magician,395,canon,architecture,"painted sign of a white dove. He quickly crossed the street, keeping his face turned away from the man at the corner, and approached the doorway of the tavern. As he reached for the door, a hand gripped his: cloak, and Arutha spun, his sword halfway out of its scabbard. A boy of about thirteen stood there, wearing a simple, oft-patched tunic and men's trousers cut off at the knees. He had dark hair and eyes, and his smudged face was set in a grin. ""Not there, sir,"" he said with a merry; note ...",,door,Extracted from page 395
crydee_330,Magician,396,canon,architecture,"crates, broken furniture, and nameless goods against the walls around them. Jimmy pulled aside a crate, revealing a hole. 'This should put us outside Radburn's net, at least I hope so,' said Jimmy. Arutha found he had to crouch to follow the boy through the small passage. From the rank odour in the tunnel, it was clear something had crawled in here to die fairly recently. As if reading his mind, Jimmy said, 'We toss a dead cat in here every few days. Keeps others from sticking their noses too...",,"stair, wall, bed, door",Extracted from page 396
crydee_331,Magician,397,canon,architecture,"the wall. amos groaned and stirred, but Martin remained still. Arutha measured the distance between himself and the three swordsmen, his hand hovering near the hilt of hiS rapier. Any notion of leaping back and drawing his sword vanished when he felt a dagger point pressed against the small of his back. A hand snaked around from behind and felt %3ieimvemdyhitmheonfshteisPPeodrad~ round the Prince , examining the rapier as he carefully hid his dagger in the folds of his loose tunic. He grinned...",,"table, wall, chair",Extracted from page 397
crydee_332,Magician,398,canon,architecture,"you are a soldier at least, and your rich boots and fine sword mark you gentleman. But I think there is more."" Looking into Arutha's eyes, he said, ""Now, why is Jocko Radburn so intent upon finding you?"" Arutha looked Aaron Cook squarely in the eyes. ""I don't know."" The man who had struck Arutha began to step forward again, but Cook held up his hand. ""That may be true. You've been something of a fool, the way you've been popping up here and there, hanging around the gates of the palace, playi...",,"bed, gate",Extracted from page 398
crydee_333,Magician,399,canon,architecture,"of the truth to tell. ""I'm an agent for Crydee. I came to speak to Prince Erland and Lord Dulanic in person, to ask for aid against a coming Tsurani offensive. When we learned Guy du Bas-Tyra was in possession of the city, we decided to gauge the temper of things before committing ourselves to a course of action.' Cook listened closely, then said, ""Why should an emissary of Crydee slip into the city? Why not come in with banners flying and receive a state welcome?"" ""Because Black Guy'd just a...",,"table, wall, door",Extracted from page 399
crydee_334,Magician,400,implied,architecture,"side from the first. This business of guards sneaking about dressed as common folk, there's just no honor in it."" Amos muttered, ""I knew I should have cut his throat when I had the chance. Next time I won't be so damned civilized."" ""Slowing down a bit, Amos? Well, a week ago we got word from the upright Man he had a precious cargo to leave the city. We've had to bide our time until the right ship was ready. Radburn's very anxious to find that cargo before it leaves Krondor. So, you see, it's ...",,,Extracted from page 400
crydee_335,Magician,401,canon,architecture,"under guard in a wing of the palace. Then Guy came to my room one night. ' She shuddered. Arutha nearly spat when he said, ""You don't have to ' speak of such things."" The sudden rage startled the girl. ""No,"" she said, ""it was nothing like that. He was very proper, nearly formal. He simply informed me we were to be wed, and that King Rodric was to name him heir to the throne of Krondor. If anything, he seemed irritated by the bother of having to take such a course."" Arutha slammed his fist aga...",dungeon,wall,Extracted from page 401
crydee_336,Magician,402,unknown,architecture,"else to be done. We must take you to Crydee at the first chance."" Anita smiled, and Arutha found himself smiling back. Trevor Hull said, ""As I said before, we were waiting for the right opportunity to smuggle her from the city."" He turned to Amos. ""You're the man for this, Amos. There's no better blockade runner on the Bitter Sea-excepting myself, of course, but I've other matters to take care of here."" Trask said, ""We can't leave for a few weeks yet. Even if the blockade was lifted, my ship'...",,,Extracted from page 402
crydee_337,Magician,403,canon,architecture,"moment. With a slight smile he said, ""When you first came to Crydee, I thought you a pirate."" Struggling to remove a boot, Amos said, ""In truth, I tried to leave that behind me, Highness."" He laughed. ""Perhaps it was the gods working their revenge upon me, but you know, for fifteen years, man and boy, I was a corsair and a captain, then when I try my hand at honest trading for the first time, my ship is captured and burned, my crew slaughtered, and I find myself beached as far from the heart ...",,table,Extracted from page 403
crydee_338,Magician,404,canon,architecture,"his banner up above the walls. The Keshian commander had the good grace to mount one more attack, for the sake of form, then nearly gave himself a ruptured gut racing back home. He left a handful of minor nobles haggling with Guy's lieutenants over the conditions of armistice until a formal treaty can be drawn up between the King and the Keshian Empress. There's only one reason Guy can be hurrying back here."" Quietly Anita said, ""He knows I've escaped."" Trevor Hull said, 'yes, Highness. This ...",,wall,Extracted from page 404
crydee_339,Magician,405,canon,architecture,"Amos sat down by Arutha. ""Your presence in Crydee is not vital, at least not for now. Fannon and Gardan are able men, and should the need arise, I think your sister would prove no mean commander. They should be able to keep things under control as well as you."" Martin said, ""But you must ask yourself this: what will your father do ''when he learns Guy does not simply rule in Krondor as Erland's aidc but holds the city completely in his power, that he's sending no aid to the Far Coast, and tha...",,gate,Extracted from page 405
crydee_340,Magician,406,canon,architecture,"and Crydee would be rescued from the Tsurani. Now he faced an even more desperate situation than had he stayed home. Those around left him alone, save for Anita, who spent silent minutes just sitting at his side. DARK FIGUREs moved quietly toward the waterfront. Trevor Hull led a dozen men with Arutha and his companions down the silent street. They hugged the walls of the buildings, and every few yards Arutha would cast a backward glance to see how Anita fared. She returned his concern with b...",dungeon,wall,Extracted from page 406
crydee_341,Magician,407,unknown,architecture,"and 'Who goes there?"" came from those set to guard ships and cargo in the harbor. Anita watched over his shoulder, trying to see what was occurring behind. More lanterns were being brought and a fire erupted on the docks. Large bales of something, stored under canvas, exploded into flames. Those in the boat could now clearly see the fight. Many of the thieves were escaping down city streets, or leaping into the icy water of the harbour. Arutha couldn't see the grey-haired figure of Trevor Hul...",,,Extracted from page 407
crydee_342,Magician,409,unknown,architecture,"Crydee, free from Guy's plottings. My sister will make you a welcome guest in our house."" She smiled faintly. ""Still, I am worried about Father and Mother."" Arutha tried his best to lay her fears to rest. ""With you safely gone from Krondor, Guy cannot gain by causing your parents harm. He may still force a consent to marry from your father, but Erland could do no harm by giving it now. With you out of reach, it's a hollow betrothal. Before this is all done, we shall have an accounting with de...",,door,Extracted from page 409
crydee_343,Magician,410,canon,architecture,"a long chase, as the saying goes. If we can keep far enough ahead for the rest of the day, we might slip them at night if there's enough cloud cover so the moons don't mark our passage . ' Arutha said nothing, watching the faint speck in the distance. Throughout the day they had watched the pursuing ship grow slowly in size. At first the tiny speck grew with maddening slowness, but now with alarming rapidity. Arutha could see the sails clearly defined, no longer a simple blur of white, and he...",,,Extracted from page 410
crydee_344,Magician,411,canon,architecture,"another arrow to strike within inches of the first, keeping the tiller unmanned.",,,Extracted from page 411
crydee_345,Magician,412,canon,architecture,"Martin said, ""Looks like they'll keep a little less broad to us, Amos. I can't shoot through sails."" ""No, but if you'd oblige me by keeping those lads in the bow away from their ballista, I'd be thankful. I think you irritated Radburn."" Martin and Arutha saw the ballista crew readying their weapons. The Huntmaster sent a flurry of arrows at the pursuing ship's bow, one arrow following the last before it was halfway to the target. The first struck a man in the leg, felling him, and the other m...",,wall,Extracted from page 412
crydee_346,Magician,413,canon,architecture,"feeling, a need to keep Anita from harm's way, to care for her. For long moments they sat this way, then Arutha regained control over his surging feelings. Pulling away a little, he said, ""You'd be hungry, I'd think."" She laughed, an honestly merry sound. ""Why yes, as a matter of fact I'm famished."" He said, ""I'll have something sent down, though it will be plain fare, I'm afraid, even compared to what you were given by the Mockers."" ""Anything."" He went on deck and ordered a seaman to the gal...",,,Extracted from page 413
crydee_347,Magician,414,canon,architecture,"Arutha swallowed hard, finding his mouth suddenly dry. ""Now, what is this about our fathers' plans for . . . our marriage?"" Arutha looked at Anita, her green eyes flickering with reflected cancllelight, and something else. ""Matters of state, I'm afraid. Father wanted my claim to the throne bolstered, and Lyam's too dangerous a match, being the elder. You'd be ideal, for the King would not likely 'object . . . or wouldn't have then, I guess. Now, with Guy set upon having me, I suppose the King...",,wall,Extracted from page 414
crydee_348,Magician,415,canon,architecture,"Swordmaster of Crydee. ""We've no carriages in Crydee, Highness,"" Fannon said to her, I'll have a cart sent for at once. It's a long walk to the castle."" Anita smiled. ""I can ride, Master Fannon. Any horse that's not too",,,Extracted from page 415
crydee_349,Magician,416,canon,architecture,"march against Guy. Let us keep this to ourselves for a time. Your father will learn what has occurred soon enough, but the more time it takes for him to discover Guy's treachery, the more chance we have of keeping the Tsurani at bay another year."" Arutha looked troubled. ""This cannot continue much longer, Fannon. We must soon see an end to this war."" He turned for a moment and saw townspeople begin to gawk at the Princess. ""Still, we at least have a little time to come up with something to co...","courtyard, great hall",,Extracted from page 416
crydee_350,Magician,417,canon,architecture,"guards who snapped to attention as their Prince strode by He reached Carline's suite and knocked upon the door. 'Who is it?' came the soft voice from within. 'Arutha.' The door flew open and Carline rushed into her brother's arms. holding him tightly. ""oh, I'm so glad you are back. You don't know how glad.' She stepped back and looked at him. 'i'm sorry. I was going to ride down to meet you, but I just couldn't seem to gather myself together.' 'Fannon just told me. I'm so very sorry.' She reg...",,"stair, window, door",Extracted from page 417
crydee_351,Magician,418,unknown,architecture,"a former soldier, a fact the magician gleaned from the man's posture and several scars. Past fifty he looked, but still capable of the strenuous life of a herder. Though shorter, this man resembled",,,Extracted from page 418
crydee_352,Magician,419,canon,architecture,"of Crydee slightly. 'Your name?"" asked the magician, as he came round to stand before Zanothis answered, his voice betraying his unease. The magician startled him by asking, ""Would you agree that this is a good place for a home, herdsman?"" Xanothis stammered, ""If . . . if it . . . is your will, the magician snapped, ""Ask not what I think! I ask your thoughts!"" Zahnothis could barely hide his anger at his own shame. Great Ones nct, and to be false with one was to do a dishonor. ""Forgive i lgfJ...",,,Extracted from page 419
crydee_353,Magician,420,canon,architecture,"with fired brick tiles upon the roof. It was speculated that it offered cool protection during the heat of summer. Two other facts added to the fascination evidenced over the house and its owner. First was the manner in which the project had been commissioned. The magician had first appeared in Ontoset one day, at the home of Tumacel, the richest moneylender in the city. He appropriated over thirty thousand imperials in funds, and left the moneylender stricken over his loss of liquidity. This...",,wall,Extracted from page 420
crydee_354,Magician,421,implied,architecture,"Great One who lived in that house, but the former soldier said nothing, only smiling a great deal. ""ThE BELIEF that the current great rift to Midkemia is controllable is only partially correct."" Milamber paused, allowing his scribe to finish copying the dictation. ""It can be stated that rifts may be established without the release of destructive energies associated with their accidental creation, either through poorly effected magic spells or by the proximity of too many unstable magic device...",,table,Extracted from page 421
crydee_355,Magician,422,canon,architecture,"testing on the tower, I saw something that didn't register for a month or two after."" ""What does one have to do with the other?"" ""During the representation of the final challenge to the Stranger, do you remember a single brown-robed magician, who bent the rift to keep from entering the Enemy's universe?"" Hochopepa looked thoughtful. ""I can't say as I do, Milamber. But the spell used to create that image affects each of us differently. If you share visions with others, you'll discover a great ...",tower,bed,Extracted from page 422
crydee_356,Magician,424,implied,architecture,"home within my being that I once felt for my own Crydee. What you have created is a man with a strong sense of duty. untempered by any love for that thing he feels duty towards.' Hochopepa remained silent as the impact of what Milamber had said penetrated, then he nodded as Milamber continued. 'I may be the greatest threat to the Empire since the Stranger invaded your skies, for if I become involved with its politics I will be justice without mercy. ""I have known of the factions within the pa...",,,Extracted from page 424
crydee_357,Magician,425,canon,architecture,"that seems like growth if you don't investigate closely. But while your armies have been bringing new lands into your borders, what has happened to your art, your music, your literature, your research? Even the vaunted Assembly does little more than refine that which is already known. You implied earlier that I was wasting my time finding new ways to 'toss energy around.' Well, what is wrong with that? Nothing. But there is something wrong with the type of society that looks upon the new as s...",,"bed, gate",Extracted from page 425
crydee_358,Magician,430,canon,architecture,"the boy from Crydee keep. Katala took him from Laurie and passed him to Milamber. ""William, this is your father."" The boy seemed to take this in with some skepticism. He ventured a",,,Extracted from page 430
crydee_359,Magician,431,canon,architecture,"shy smile, but leaned back, keeping his distance. 'I want down,' he said abruptly. Milamber laughed and put the boy down. He looked at his father, then immediately lost interest in the stranger in black. 'Ooh!' he cried, and rushed over to play with the Lord of the Shinzawai's shah pieces. Milamber watched him for a 'moment, then said 'William?' Katala stood next to him with her arm around his waist hugging him as if afraid he would disappear again. Laurie said, ""She wanted a Midkemian name f...",kitchen,door,Extracted from page 431
crydee_360,Magician,432,canon,architecture,"will you keep a trust and vow to keep what you hear in this room to yourself?"" The magician pondered the matter. He could command the Shinzawai lord to tell all, and the man would, as automatically as a soldier following orders, but his friendship with the troubadour was important to him. ""I give you my word that I will not repeat what you tell me."" Laurie gave a sigh and smile, and the Shinzawai seemed to lose some of their tension. Laurie said, 'I have struck a bargain with my lord here. wh...",,,Extracted from page 432
crydee_361,Magician,433,implied,architecture,"differences in a peaceful manner. I have been a soldier and know the glories of war. I also know its waste. Laurie has convinced me that my suspicions about those who live in the Kingdom were correct. You are not a very warlike people, in spite of your nobles and their armies. You would have been willing to trade."" Milamber interrupted. ""This is all true. But I am not sure that it has any bearing on things as they stand now. My former nation had not fought a major war in nearly fifty years, e...",,,Extracted from page 433
crydee_362,Magician,434,implied,architecture,"wrong done at the hands of its soldiers?"" The Shinzawai lord looked troubled. ""The council would not, I am sure. But the Emperor would."" ""The Emperor?"" Milamber said, surprised. ""what has he to do with this?"" ""Ichindar, may heaven bless him, feels the war is bleeding the Empire of its resources. when we campaigned against the Thuril, we learned that some frontiers are simply too vast and far from the Empire to control. the Light of Heaven understands that nowhere could there be a frontier as ...",,,Extracted from page 434
crydee_363,Magician,436,unknown,architecture,"huntmaster of Crydee stood over three fallen elves. Their lifeless 'bodies lay sprawled upon the ground with arms and legs bent at impossible angles, their fair faces covered in blood. Martin knew what death meant to the elves, where one or two children to a family in a century was the norm. One face he knew well, Algavins, Galain's companion since boyhood, less than thirty years of age, still a child by the elver folk's measure. Footsteps from behind caused Martin to wipe away the tears and ...",,,Extracted from page 436
crydee_364,Magician,437,canon,architecture,"humour. 'It has fallen to us to guard the way. We must remain for a time. We will come as soon as the dwarves cross the river. They are due anytime now.' The comment was not lost on Martin as he bade them good-bye and continued towards Elvandar. Approaching the clearing surrounding the elvish tree-city, he wondered at the exclusion of Galain and the other young elves from council. They were all the constant companions of Tomas since he came to take up permanent residency in Elvandar. Martin h...",,,Extracted from page 437
crydee_365,Magician,439,canon,architecture,"prepared either Martin or Garret for the sight of the towering man before him. Alien eyes regarded them. There was little remaining of the happy, grinning boy who had once followed Martin through the woods begging for tales of the elves, or played barrel ball with Garret. Without cordiality Tomas stepped forward and said, ""what word from Crydee?"" Martin leaned upon his bow. ""Prince Arutha sends his greetings,"" he said to the queen, ""and his affections, as well as his hope for your good' healt...",tower,gate,Extracted from page 439
crydee_366,Magician,440,implied,architecture,"soldiers along the river to menace our forests. They have not come against us since we 'defeated them with the sorcerer's aid and their black Robes were killed. But should they battle Lords Borric and Brucal, and should the battle be a close thing, our numbers might tip the balance . ' Tomas maintained his self-control. standing rigidly for a moment, then in icy tones he said, 'The dwarves follow' Dolgan, and Dolgan follows my lead. They will not come unless I call them to battle.' Without an...",,,Extracted from page 440
crydee_367,Magician,441,unknown,architecture,"Martin felt cold inside. Of all the boys he had known at Crydee he had held special affection for three, Garret, Tomas, and Pug. He had mourned silently when Pug had been taken by the Tsurani, and had often wondered if it had been to his death or captivity. Now he mourned for Tomas, for whatever else might occur, Tomas would never again be as he once was. Martin said to Calin. ""Can nothing be done?"" Calin indicated Tathar should answer the question. The old Spellweaver looked around the circl...",,,Extracted from page 441
crydee_368,Magician,443,canon,architecture,"%5Tnrhnr ariel the others seek to keep us apart. You are offer)i forgotten. The fetid Winds blew from the north. cold but cloying The smell of decay was everywhere, and in the residue of the mighty madness that had gripped the universe around, only faint stirrings of life reasserting itself were felt. 'No matter. We are together again.' What is this place.? 'The Desolation of the Chaos Wars. Draken-Korin's monument, the lifeless tundra that was once great grasslands. Few living things abide h...",,"table, bed",Extracted from page 443
crydee_369,Magician,444,unknown,architecture,"your cause is now mine. I guard against those who would plunder this world. 'Then am I content to die.' Opening his eyes, he took one last look at his hall now cloaked in ancient dust. Closing them for the last time, the Ruler of the Eagles' Reaches cast his final spell. His waning powers, still unmatched upon this world by any save the new gods, flowed from his tired body, infusing his armour. Smoky wisps wafted upward from where his body had rested, and soon only the golden armour, white",,,Extracted from page 444
crydee_370,Magician,445,canon,architecture,"Crydee on their way to Elvandar. Martin Calin and a few elves had come to see the dwarves' prisoners, who were still bound. They waited in a group in a corner of the clearing, glaring at their captors. Galain entered the clearing and said, 'Tomas is coming soon.' Martin said, 'How is it, Dolgan, after all these years, you managed to capture prisoners, and an entire enclave at that?' Behind the eight bound warriors stood a fearful group of Tsurani slaves, unbound but huddled together, uncertai...",,bed,Extracted from page 445
crydee_371,Magician,446,implied,architecture,"we should attempt to move them to Crydee'!' Calin said. 'We have the means to learn their tongue, given time. I doubt they would lend much cooperation in their transport. Most likely they would try to raise the alarm every step of the way.' Martin 'conceded the point. Then a disturbance caused him to turn. Tomas came striding into the clearing. Dolgan began to greet him, but something in the young warrior's manner and expression silenced him. There was madness in Tomas's eyes, something the d...",,bed,Extracted from page 446
crydee_372,Magician,447,implied,architecture,"the boy from Crydee. Now an alien presence suffused this being. Tomas's arm drew back, and Martin tensed to dodge the blow. Any human was a potential victim, and even the dwarves drew back at the awesome menace Tomas projected. Then a faint spark of recognition entered Tomas's eyes and he said, in a distant voice, 'Martin, by the love I once bore you, be gone or your life is forfeit.' Mustering courage against the most consuming fear he had ever felt, Martin shouted, 'i'll not stand and watch...",,bed,Extracted from page 447
crydee_373,Magician,449,canon,architecture,"battled, struggling to keep his head above the strangling black sea. A shrieking, evil wind blew overhead, and to his ears it sang a song of woeful metre. He struck out, and again he saw a pinpoint of light. Again the tide engulfed him, forcing him away from his goal, but this time it was weaker. Once more he struggled toward the light. Then came a surge, a last, terrifying assault culminating in a total attack upon him. I am Ashen-Shugar! There came a breaking of the will, something snapping...",,,Extracted from page 449
crydee_374,Magician,450,unknown,architecture,"she had first appeared at Crydee. Then, without words, he",,,Extracted from page 450
crydee_375,Magician,451,implied,architecture,"noticeable height. As they had hoped, more soldiers than not looked away as the bogus Red Priest passed. When they reached the head of the column, Kasumi fell in. His younger brother, who had been promoted to Strike Leader for this offensive, seemed to pay no attention to his commander's late arrival, or to the priest of Turakamu who arrived with him. After a seemingly interminable delay, the command came and they stepped forward into the shimmering glow of ""nothingness' that marked the rift ...",,,Extracted from page 451
crydee_376,Magician,452,implied,architecture,"felt inside. A Tsurani soldier would never let himself appear upset by something as trivial as solid water falling from the sky. They elected the North Pass, for it led to the largest front and they were less likely to be noticed passing through the lines. They reached the head of the pass and a station guard passed them along. Once outside the valley they struck slightly more eastwards than their patrol called for. Beyond the rolling hills and light woods was the road from LaMut to Zun. Once...",,,Extracted from page 452
crydee_377,Magician,453,implied,architecture,"Tsurani soldiers. The Tsurani had barely enough time to ready a rude line for defence before the riders were upon them. Cries of horses and men filled the air and the Tsurani fell before the charge. The riders rode over the Tsurani and reformed at the end of the vale where the two fugitives hid. They wheeled about and charged again. The Tsurani survivors of the last charge, less than half the men, moved quickly up the west side of the vale, where the trees and incline of the hillside would co...",,bed,Extracted from page 453
crydee_378,Magician,454,canon,architecture,"appetite, for they had lived on soldiers' rations - dried cakes of grain and fruit - for two days. Laurie had spent over an hour negotiating with a less than reputable gem broker for several smaller stones value He had settled for one third their actual worth, stating, ""if he thinks they are stolen, he will not be too quick to ask questions.' Kasumi asked, ""Why didn't you sell him all the stones?' 'Your father has given us enough to retire on for the rest of our days. I doubt if all the broke...",,"table, gate",Extracted from page 454
crydee_379,Magician,455,canon,architecture,"As they rode through the gate that put them on the road to Ylith, Kasumi said, ""Much of this land of yours seems odd, but as you haggled with that merchant, I was reminded of home. Our traders are much more polite and would never think of raising their voices in such a manner, but it is still the same thing. They all have starving children.' Laurie laughed and spurred his mount forward. Soon they were out of sight of the city. South oF quEsTER's View they passed more troops on the road, this ...",,gate,Extracted from page 455
crydee_380,Magician,456,canon,architecture,"Both Zun and Ylith had been teeming with soldiers, traders, and citizens at midday, even though they were smaller cities than Krondor. As they rode, a feeling of disquiet visited Kasumi. They entered a section of the city~ even more run-down than the warehouse district. Here the streets were narrow, with four- and fivestory buildings hugging closely to either side. bark shadows abounded, even at noon. Those in the street, a few traders and women going to market, moved quietly and with speed. ...",,"table, gate, window, bed, door",Extracted from page 456
crydee_381,Magician,457,canon,architecture,"dimly lit common room, with a long bar along the rear wall. On the left stood a large fireplace, and on the right a stairway leading upwards. There were a number of empty tables in the room, and two with customers. The newcomers were given a quick look by the guests, who then returned to their drinks and quiet conversation. Laurie and Kasumi crossed over to the bar, where Lucas stood cleaning some wine cups with a less than clean rag. They dropped their packs at their feet, and Laurie said, ""...",,"stair, table, fireplace, wall",Extracted from page 457
crydee_382,Magician,458,canon,architecture,"picked up by the guards, for whatever reason, and be wary of the pressgangs. ""Still,"" Lucas said with a chuckle, ""things got lively around here for a time when Prince Arutha came to Krondor."" ""Borric's son? He's in the city?"" asked Laurie. A twinkle of pleasure showed in Lucas's eyes. ""No longer."" He chuckled again. ""Last winter, as bold as bright brass, the Prince comes sailing into Krondor. He must have taken the Straits of Darkness during the winter, or he never would have reached the city...",dungeon,,Extracted from page 458
crydee_383,Magician,459,canon,architecture,"Lucas answered. ""We're too dispirited. But a few of Guy's guards may turn up missing at muster, and there'll be many inconveniences getting supplies to the garrison and palace and the like. And I wouldn't wish to be the Viceroy's taxman when he's next sent into the Poor quarter."" Laurie considered what he had heard. ""We are headed east. What about conditions on the road?"" Lucas slowly shook his head. ""There is still some traveling done. Once past Darkmoor, you should have scant trouble, I'm t...",,"stair, gate",Extracted from page 459
crydee_384,Magician,460,canon,architecture,"be hearing a brouhaha at the gate. A few of the boys will put on some mummery for the guards. When everything's up in the wind, we'll slip through."" He returned to the door and looked out without further comment. While they waited, Kasumi whispered, ""Can he be trusted?"" ""No, but we have no choice. If the Upright Man could show a larger profit by turning us in, he might. But the Mockers have little love for the guards, and now less than usual, according to Lucas, so it is unlikely-. Still, kee...",,"gate, door",Extracted from page 460
crydee_385,Magician,461,canon,architecture,"from the docks. The guards were doing their best to restore order, but ' each time one pushed a combatant away from the fray, another would appear from the shadows around the gate and join in. In a few minutes every guard was involved in breaking up the fight, and Jimmy said, ""Now!"" He broke from the building, with the travelers close behind, dashed to the wall next to the gatehouse. They edged their way along in the shadows, the horses' clatter covered by the noise of the braWl. When they we...",,"table, wall, door, gate",Extracted from page 461
crydee_386,Magician,462,canon,architecture,"the innkeeper appeared to be. Laurie looked down the road and saw the old man, his posture erect as he moved along with a staff in one hand, using it as a walking stick. He ran after the man and, when he had overtaken him, said, ""Excuse me, but I was in the tavern a moment ago, and . . ."" He held out the food and wineskin. He saw pride diminish in the old man's eyes. ""Why are you doing . this, minstrel?"" Laurie said, ""I have a friend who is a magician, a special friend. He did me a great kind...",tower,"bed, table, gate",Extracted from page 462
crydee_387,Magician,463,implied,architecture,"A guard escorted them to the office of an assistant to the Royal Chancellor. Here they were made to wait for a half hour before the assistant would see them. They entered the man's office and were confronted by the Steward of the Royal Household, a self-important little man with a potbelly and a chronic wheeze when he spoke. ""What business do you gentlemen have?"" he inquired, making it clear that his estimation of them was provisional. ""We carry word to the King regarding the war,"" Laurie ans...",,door,Extracted from page 463
crydee_388,Magician,464,implied,architecture,"defense design though no longer needed as a moat. Graceful bridges could be seen arching above it, carrying people from one side of the river to the other. King Rodric sat, seemingly attentive to what Kasumi was saying.He toyed absently with a golden ball in his right hand, while Kasumi outlined in detail the Emperor's message of peace. ' Rodric was silent for a while after Kasumi finished, as if weighing; what he had heard. Kasumi handed a sheaf of documents to Duke Caldric, then waited for ...",,table,Extracted from page 464
crydee_389,Magician,465,implied,architecture,"two guards before the door. One guard opened the door for them, and they entered. Inside they found a bedroom with two large beds and a table with chairs in the corner. The chancellor said, ""Your arrival is poorly timed. Our King is, as you no doubt can see, a sick man, and I fear that he will not recover. I hope he will be better able to understand your message tomorrow. Please stay here until you are sent for. A meal will be brought to you."" He crossed over to the door, and before he left s...",,"table, chair, window, bed, door",Extracted from page 465
crydee_390,Magician,466,canon,architecture,"the Kingdom, and he is my King. I must do whatever I can to keep him from harming the Kingdom, even if the price is my life, but I canot raise arms against him, nor aid those who do. I don't know how things are with your world, Tsurani, but here I must stay. He is my King."" Kasumi nodded. ""I understand. In your place, I would do the same. ' You are a brave man, Duke Caldric."" The Duke stood. ""I am a tired man. The King has taken strong drink from my hand. He will drink from no other, for he f...",dungeon,"wall, door",Extracted from page 466
crydee_391,Magician,467,canon,architecture,"soldiers. Each time they had presented the Chancellor's warrant and were passed through. Now they approached the Duke's camp. The Tsurani Warlord had unleashed his major offensive. The Kingdom forces had held for a week, then collapsed, when ten thousand fresh Tsurani soldiers had come pouring through their lines, tipping the 'balance. The fighting had been bitter then, a raging, running battle lasting three days, before the Kingdom army was finally routed. When it was over, a large portion o...",,table,Extracted from page 467
crydee_392,Magician,468,unknown,architecture,"Duke of Crydee. And with Erland dead, you will also be heir to the throne by right of birth . ' Brucal sat heavily upon a stool near the map table. ""This is a heavy burden thrust upon you, Lyam, but others in the West will look to you for leadership as they once looked to your father. If there was ever any love between the two realms, it is now strained to the breaking point, with Guy upon the throne in Krondor. It is now clear for all to see, Bas-Tyra means to be King, for a mad Rodric canno...",,table,Extracted from page 468
crydee_393,Magician,469,canon,architecture,"were keeping a place for him. They signalled greetings as he left the aisle between the magicians' section and the imperial party's and joined them. Below, on the arena floor, some of the dwarf-like folk from Tsubar - the so-called Lost Land across the Sea of Blood - were fighting large insect creatures, like cho-ja but without intelligence. Soft wooden swords and essentially harmless bites from mandibles provided a conflict more comic than dangerous. The commoners and lesser nobles already i...",,bed,Extracted from page 469
crydee_394,Magician,470,canon,architecture,"tend to support your notions as refreshing and progressive, keep in mind that",,,Extracted from page 470
crydee_395,Magician,471,canon,architecture,"When the field was cleared, grounds keepers hurried outwith rakes and drags to smooth the sand. The sound of the trumpets could be heard again, and the first members of the imperial procession, heralds in the imperial white, entered. They carried long, curved trumpets, fashion from the horns of some large beast, which curled around their shoulders to end above their heads. They were followed by drummers who beat a steady tattoo. When they were in position in the front of the imperial box, the...",,,Extracted from page 471
crydee_396,Magician,472,implied,architecture,"A guard of soldiers left the floor, abandoning the sand to the prison- ers. Hochopepa said, ""Common criminals. There will be little sport.'' There seemed to be accuracy in the remark, for the prisoners were a sad-looking lot. Naked but for loincloths, they stood with weapons and shields that were foreign to them. Many were old and sick, seemingly lost and confused, holding their axes, swords, and spears loosely at their sides. The trumpet sounded the start of combat, and the old and sick ones...",,,Extracted from page 472
crydee_397,Magician,473,canon,architecture,"man approached cautiously, keeping equal distance between himself and both men, looking for an advantage. He had it a few seconds later. Using knife and sword, he jumped forward and dealt one of the combatants a blow to the side of the head that felled him. Shimone said, ""The idiot! Couldn't he see the other man is the stronger fighter? He should have waited until one man was clearly at an advantage, then struck at him, leaving the weaker opponent to fight."" Milamber felt shaky. Shimone, his ...",,,Extracted from page 473
crydee_398,Magician,474,canon,architecture,"afternoon light. They stood around looking relaxed, but the soldiers in the crowd recognized the subtle signs of tension common to fighters before a battle. After a minute the large double doors at the oppositte end of the stadium opened, and a six-legged horror came shambling into the arena. The harulth was all long teeth and sharp claws, complete with a belligerent attitude and a hide like armour, and close to the size of a Midkemian elephant. It hesitated only long enough to blink at the l...",,"bed, wall, door",Extracted from page 474
crydee_399,Magician,475,canon,architecture,"very far from home."" He swallowed hard, struggling against outrage, then said, ""He knows it is for nothing. Again and again he will march into this arena, to fight other creatures, other men, even friends from his homeland, and sooner or later he will die."" Hochopepa stared at Milamber, and Shimone looked confused. ""But for chance, I might have been with those below,"" added Milamber. ""Those who fought are men. They had families and homes, they loved and laughed. Now they wait to die."" Hochope...",tower,wall,Extracted from page 475
crydee_400,Magician,476,implied,architecture,"shouted in a clear voice, ""As these soldiers of the Thuril Confederacy' have violated the treaty between their own nations and the Empire, by:"" making war upon the soldiers of the Emperor, they have been cast out ""'' by their own people, who have named them outlaws and bound: them over for punishment. They will fight the captives from the world of Midkemia. All will strive until one is left standing."" The crowd cheered. The trumpet sounded, and the fighters squared off. The Midkemians crouche...",,,Extracted from page 476
crydee_401,Magician,477,canon,architecture,"guards came to kill them, they fought, driving them back. Finally bowmen on the wall had to shoot them down. It was a disgrace. The crowd rioted, and the games director was torn to bits. Over a hundred citizens died."" Milamber felt relief: at least he would be spared the spectacle of Katala's people and his own killing one another. Then the crowd began to shout their disapproval, jeering the reluctant combatants. Hochopepa nudged Milamber and said, ""The Warlord appears less than amused by thi...",,wall,Extracted from page 477
crydee_402,Magician,478,unknown,architecture,"guard captain conferred with the Warlord. Milamber felt a strange hot flush inside and for a moment battled a sudden impulse to use his powers to put the Warlord amid those below, to see how he fared against those who refused to die gracefully at his command. Then Almecho's voice rang out, silencing all those nearby. ""No, no bowmen. Those animals will not die a warrior's death."" He turned to one of his pet magicians and issued instructions. The black-robed man . nodded and began to incant. Mi...",,bed,Extracted from page 478
crydee_403,Magician,479,implied,architecture,"lamber regarded the soldiers and carpenters rushing onto the arena floor. The stunned Midkemians and Thuril were being bound like animals for slaughter, and the crowd's anger was reaching a dangerous level. Some of the younger officers of noble families in the lower levels of the stadium seemed ready to take swords and jump onto the sand, to contest personally for the prisoners' right to die as warriors. These had"" been valiant foemen, and many of those watching had fought against: both Thuri...",,,Extracted from page 479
crydee_404,Magician,480,implied,architecture,"spoke to a nearby guard. ""Those on the arena floor are to be released. They are free!"" The guard hesitated for a moment, then his Tsurani training came to the fore. ""Your will, Great One."" The Warlord shouted, ""You will stay!"" The crowd hissed with intaken breath. In the history of the Empire such a confrontation between Great One and Warlord had never occurred. The guard stopped, and Milamber spoke through a snarl. ""My words are as law. Go!"" Suddenly the guard was moving, and the Warlord scr...",,,Extracted from page 480
crydee_405,Magician,482,canon,architecture,"from their pedestals, and the huge gates were ripped from their hinges, in a crackling splintering of ancient wood. They moved from before the tunnels in a staggering, drunken walk, then fell to the sand, crushing those who lay before them. Many of the beasts below the arena were driven mad by the earthquake and thrashed in their cages, smashing locks and opening doors. They fled the tunnels and raced over the fallen gates; they bellowed, howled, and roared at the fire rain. Enraged by terror...",,"gate, door",Extracted from page 482
crydee_406,Magician,486,unknown,architecture,"""But you must go quickly. No soldier will try to stop you, for only a few outside the Holy City know of your actions, but the Warlord's pets may already be seeking you out. You caught our brothers by surprise at the games, and none singly could stand against you, but if they coordinate against you, even your vaunted powers will avail you little. You would have to kill another magician, or be killed in turn."" ""Yes, Fumita, I know. I must go. I have no desire to kill another magician, but I sha...",,,Extracted from page 486
crydee_407,Magician,487,canon,architecture,"ThE soLDIER JuMPED. One moment he had been sitting under a tree, shaded from the setting sun's heat, then the next moment a magician with a woman and child suddenly appeared before him. By the time he was on his feet, they were moving toward the rift machine, several hundred yards away. When they reached the machine, a platform with tall poles rising up on either side of it, between which a glimmering ""nothingness"" could be seen, an officer who was in charge of the troops moving through snapp...",Tower,,Extracted from page 487
crydee_408,Magician,488,implied,architecture,"Without another word they rode out of camp. Several times guards started to challenge them, but the sight of the black robe stopped them. They rode for hours in the moonlight. Milamber could hear the shouts of soldiers as he led his family to safety. Katala bore up under it all like the warriors she was descended from, and Milamber marveled at her. She had never sat a horse before, but she made no complaint. To be taken from her home and whisked away to a strange, dark world, where she knew n...",,bed,Extracted from page 488
crydee_409,Magician,489,canon,architecture,"Lyam swallowed hard, fighting back the tears, and spoke to Pug. ""When you were taken by the Tsurani, Father wished for some memorial in remembrance. He considered what would be proper, for you had shown bravery on three occasions, twice saving Kulgan's life in addition to my sister's. He judged the only thing you lacked was a name, for none knew your parentage. So he ordered a document drawn up and sent to the Royal Archives, inscribing your name on the rolls of the family conDoin, adopting y...",,wall,Extracted from page 489
crydee_410,Magician,491,unknown,architecture,"your father, for he has need of you. One more soldier dying will aid your nation little."" Kasumi bowed his head. ""Your will, Great One."" Kasumi embraced Laurie and left with Lyam. Kulgan said, ""You have told me so much that is difficult to absorb. I think for now we had best retire, for I feel the need of resting."" As the old magician rose, Pug said to him, ""There is one thing I have been waiting to ask. What of Tomas?"" ""Your childhood friend is well and with the elves of Elvandar. He is a wa...",,bed,Extracted from page 491
crydee_411,Magician,492,implied,architecture,"could hear the cheers of the soldiers as they saw the royal banner pass. Thousands of soldiers took up the cheer, for they had never seen the King before, and his presence served to lift their spirits, badly sagging since the rout by the Tsurani. Laurie and Pug stood off to one side of the command tent, but close enough to ensure they could hear what transpired. Duke Brucal kept his eyes on the King, but Lyam noticed the two and nodded his approval of their presence. The two lines of Royal Ho...",,,Extracted from page 492
crydee_412,Magician,493,canon,architecture,"Royal guards dismounted, and the soldiers of the West who stood nearby moved to stop them. ""Stop!"" commanded Brucal, and the western soldiers stopped. He turned to Lyam. ""On your word, we have civil war,"" he hissed. Lyam said, ""I submit, Your Majesty."" The western soldiers grumbled. The King said coldly, ""I shall have to hang you, you know. Take him to his tent and keep him there."" The guards complied. The King turned his attention to Brucal. ""Are you loyal to me, my lord Brucal, or shall the...",,,Extracted from page 493
crydee_413,Magician,494,implied,architecture,"""Which is all the more reason you must go to Crydee, Pug. If Lyam dies, then Arutha is heir to the crown. Once begun, the King cannot stop the killing until Arutha is dead. Even Martin-whose claim would be blemished by his illegitimacy-and Carline would be hunted down and killed. Perhaps Anita as well. Rodric would not risk a western heir to the throne. Upon Lyam's death, the bloodletting will not end until either Rodric or Arutha sits the throne of the Kingdom uncontested. You are the most p...",,,Extracted from page 494
crydee_414,Magician,495,canon,architecture,"Vandros left to join his soldiers, and soon there were few observen nearby. Kulgan, Pug, and the others moved off to one side, keeping clear of the King's gaze. The King said to the assembled nobles, ""We have had nine years of the western commander's tender ways. I shall lead the attack that will drive the foe from out of our lands."" He turned to Brucal. ""In deference to your advancing years, my lord Duke, I am giving command of the infantry to Duke Richard. You will stay here."" The old Duke ...",,,Extracted from page 495
crydee_415,Magician,496,canon,architecture,"keep them alive."" ""A fair assessment,"" conceded Kulgan. ""If there is anyone who could find a way out of this mess, it is Arutha. He has his father's courage, but he also has a mind as quick as Bas-Tyra's. He could weather the intrigues of court, though he hates them."" Kulgan smiled. ""When they were boys, we called Arutha the 'little storm cloud,' for when he got angry, he would turn to black looks and rumbles, while Lyam would be quick to anger, quick to fight, and quick to forget."" Kulgan's ...",,,Extracted from page 496
crydee_416,Magician,497,implied,architecture,"van rode a royal guardsman with the King held before him. The monarch's face was covered in blood, and he held to the saddle horn with his right hand, his other arm dangling limply at his side. They stopped : before the tent, and soldiers helped the King from the horse. They started to carry him inside, but he said, in a weak and slurred voice, ""No. Do not take me from the sun. Bring a chair so I may sit."" Nobles were riding up even as a chair was placed for the King. He was lowered into it a...",,chair,Extracted from page 497
crydee_417,Magician,498,canon,architecture,"dungeon was his death warrant, and I did nothing to halt it. Have mercy on Guy. He is an ambitious man, but not an evil one."" The King then spoke of his plans for the Kingdom, asking that they be continued, though with more regard for the populace. He spoke of many other things: of his boyhood, and his sorrow that he had never married. After a time his speech became too slurred to understand, and his head fell forward upon his chest. Brucal ordered guards to attend the King. They gently raise...",dungeon,,Extracted from page 498
crydee_418,Magician,499,canon,architecture,"keep your mouth shut, I'm ordering my own trusted troops to Krondor, under royal seal, to arrest Black Guy. They'll toss Bas-Tyra into the dungeon before his own men can stop them-there'll be enough loyal Krondorians around to ensure that. You can have him held until you reach Krondor, then cart him off to Rillanon for the coronation, either your own or Martin's. But you must act, or by the gods, we'll have Guy's lackeys brewing civil war within a day of your . naming Martin the true Heir. Do...",dungeon,,Extracted from page 499
crydee_419,Magician,500,implied,architecture,"""Hail, Lyam! Long live the Heir!"" The soldiers of the Kingdom roared their approval, doubly so, for many knew that hours ago the threat of civil war had hung over their heads. Men of both East and West embraced and celebrated, for a terrible future had been avoided. Lyam raised his hands, and soon all were silent. His voice rang out over their heads, and all could hear him say, ""Let no man rejoice this night. Let the drums be muffled and the trumpets blown low, for tonight we mourn a King."" B...",,,Extracted from page 500
crydee_420,Magician,501,implied,architecture,"ThE TsuRANI GUARDs, nervous and alert, tensed at the sound of an approaching rider. ""They come!"" one shouted, and men seized weapons and hurried to the barricades. The southern earthworks were still intact, but here at the western edge of the former salient the pickets had thrown up a hasty barrier of felled trees and shallow trenches. Bowmen stood ready, arrows notched, but the expected charge did not come. A single figure on horseback came into view. His hands were raised overhead, palms to...",,,Extracted from page 501
crydee_421,Magician,502,implied,architecture,"The commander bowed, then turned to his soldiers. ""Pass the word. We march . . . home."" Word that the emperor would agree to peace reached the camp four days later. Pug had given a message to Wataun to be carried through the rift. It bore the black seal of the Assembly, and no one would impede its swift delivery It had been addressed to Fumita asking him to carry word to the Holy City that the new King of the Realm would not require retribution but would accept peace. Lyam had shown visible e...",,,Extracted from page 502
crydee_422,Magician,503,implied,architecture,"soldier. I think you knew that. Then when I had finally decided to devote myself to study, the invasion began."" Pug smiled. ""I think you . felt sorry for me that day when I stood alone before the Duke's court, the only boy not called."" ""That is partly true, though I was the first to sense the power in you. And the judgment was borne out, no matter the amazing events required to bring your ability to fruition."" Pug sighed. ""Well, the Assembly is nothing if not complete in its training. Once th...",,,Extracted from page 503
crydee_423,Magician,504,canon,architecture,"keep them blunted until he possessed the wisdom to use them. Tomas stopped listening. ""It is something to the east, a mixture of rejoicing and a great sadness."" His voice sounded thick with emotion. ""An age is dying."" He rolled off the sleeping pallet and stood, powerful muscles revealed to Aglaranna's elven eyes in the dim light. He stood at the door of their sleeping chamber, looking out over Elvandar, listening to the sounds of the night. Everything appeared calm. The scent of the forest, ...",,"bed, door",Extracted from page 504
crydee_424,Magician,505,canon,architecture,"surrounded soldiers, mainly Hadati hillmen, auxiliaries to the garrison of Yabon. The Hadati sing his name and make sagas in his honor, such was his bravery. He passed thinking of his children, and his love for us all was undiminished. "" 'The King has also passed, and it has fallen to me to lead our . armies. Arutha, I would have you here, for we now are at the war's end. The Emperor is willing to make peace. We shall meet in the north valley of the Grey Towers in twenty-nine days' time, at n...",Tower,chair,Extracted from page 505
crydee_425,Magician,506,canon,architecture,"""How?"" asked Lyam. ""Our soldiers must still be a week from Krondor, maybe more."" The old Duke sat heavily in a chair. ""We found a hidden cage of messenger pigeons, belonging to the late Richard of Salador. One of his men sent word to Guy of Rodric's death, and your being named Heir. We've questioned the fellow, a valet of Richard's. He's admitted to being one of Bas-Tyra's spies in Richard's court. Guy's fled the city, knowing one of your first acts as King will be to have him hung. My guess ...",,"chair, bed",Extracted from page 506
crydee_426,Magician,507,unknown,architecture,"was reassured that the mirthful boy he had known in Crydee was as much present in this young man as the Dragon Lord. ""Everything will be fine,"" said Tomas in a whisper. ""We have,"" said Tathar, ""come to judge this business done, for Tomas is no longer to be feared as an Old One."" Aglaranna said, ""That is happy news indeed. But is this then cause for a council?"" ""No, lady. Something else must also be laid to rest. For while we no longer fear Tomas, still we will not place ourselves under his ru...",,bed,Extracted from page 507
crydee_427,Magician,508,canon,architecture,"soon others were coming to investigate the unusual display of activity in the council. They in turn joined in the celebration, for all knew of the Queen's love for the warrior in white and gold, and they judged him a fit consort. Calin said, ""You are wise in our ways, Tomas. Had you done otherwise, there would have been strife, or lingering doubt. I thank you for your prudence."" Tomas took his hand in a firm grip. ""It is only just, Calin. Your claim is without question. When your Queen and I ...",,gate,Extracted from page 508
crydee_428,Magician,509,implied,architecture,"Crydee. Besides,"" he said with a grin, ""I fear young Garret is growing overly content to rest and partake of your largess. I must harry him along the trail before he gets fat."" ""You'll stay for the wedding?"" asked Tomas. As Martin began to apologize, Aglaranna said, ""The ceremony can be tomorrow."" Martin conceded. ""One more day? I will be pleased. Another shout went up, and Tomas could see Dolgan pushing through the crowd. When the dwarf chief stood before them, he said, ""We were not invited ...",,,Extracted from page 509
crydee_429,Magician,511,canon,architecture,"rank. Every elf who was not keeping watch over the outworlders came to stand before them, pledging loyalty and offering blessings on the union. The dwarves also offered their congratulations and joined in the festivities wholeheartedly, filling the glades of Elvandar with their boisterous singing. Long into the night the celebration wore on. Suddenly Tomas stiffened. A chilled wind seemed to pass through him. Aglaranna gripped his arm, sensing something amiss. ""Husband, what is it?"" Tomas sta...",,,Extracted from page 511
crydee_430,Magician,512,unknown,architecture,"and the Lord of Crydee are dead. Lyam is now Heir."" Tomas noticed Martin. The Huntmaster's face was drained of blood. His features remained impassive, but it was clear to Tomas that Martin was rocked by the news. Tomas turned toward Macros. 'I knew not the King, but the Duke was a fine man. I am sorry for such news."" Macros went over to Martin. Martin watched the sorcerer, for while he had never met him, he knew him by reputation, having been told by Arutha of the meeting upon his island and ...",,,Extracted from page 512
crydee_431,Magician,513,canon,architecture,"ARuthA SAT upon his father's throne, alone in the great hall. He held the message from his brother, which he had read several times, trying to understand that their father was truly gone. Grief sat heavy upon him Carline had taken the news well. She had gone to the quiet garden beside the keep, to be alone with her thoughts. Thoughts ran riot through Arutha's mind. He remembered the time his father had taken him hunting, then another time when he come back from hunting with Martin Longbow and...","great hall, dungeon",door,Extracted from page 513
crydee_432,Magician,514,canon,architecture,"someday become Earl of some minor keep, or perhaps seek a career as an officer in one of the Border Barons' armies. But I had never thought ' to rule. I am not sure I welcome being Duke of Grydee, let alone Prince of Krondor. Besides, Lyam will marry, I am sure-he always caught the girls' eyes, and as King he'll certainly have his pick. When he has a son, the boy can be Prince of Krondor."" Anita shook her head firmly. ""No, Arutha. There is too much work to be done now. The Western Realm needs...",,table,Extracted from page 514
crydee_433,Magician,516,canon,architecture,"control, and the desire of the keep boy to nurture and nourish. But should you fail in this task I set before you, should you stint in resolve when the moment is nigh, then know with dread certainty, this world upon which we stand shall be lost, lost beyond recalling. This on my most holy oath is the truth."" ""Then I shall do as you instruct."" Macros smiled. ""Go then to your wife, Prince Consort of Elvandar, but when it is time, marshal your army. I go to Stone Mountain, for Harthorn and his s...",,,Extracted from page 516
crydee_434,Magician,517,canon,architecture,"the Kingdom, all the duchies from Crydee in the west to Ran in the east. Kulgan noticed his former student's far-off gaze and tapped him on the shoulder with the long staff he was holding. ""Are you all right?"" Pug turned. ""I'm fine. I was just a little overwhelmed for a moment, engulfed in memories. It seems strange to see this day, in a way. Both sides of the war were bitter enemies, and yet I have ties with both lands. I find I have feelings I've yet to explore."" Kulgan smiled. ""There will ...",,,Extracted from page 517
crydee_435,Magician,518,unknown,architecture,"a gift prepared for you."" He signaled, and a soldier trotted out from the Kingdom lines, leading a beautiful black war-horse behind. A black saddle set with gold was upon its back, and from the saddle horn hung a broadsword, with a jeweled scabbard and hilt. Ichindar regarded the horse with a little skepticism, but was awed by the workmanship of the sword. He hefted the great blade and said, ""You honor me, Prince Lyam."" ' Ichindar turned to one of his escorts, who ordered a chest carried forw...",,,Extracted from page 518
crydee_436,Magician,519,implied,architecture,"command for a pavilion to be erected. A dozen soldiers galloped forMrard and dismounted. Several carried poles and bolts of material. In short order a large, open-sided pavilion was erected. Chairs and a table were set up under the covering. Other soldiers brought wine and food and placed them upon the table. Pug pulled out a large cushioned chair for the Emperor, as Arutha did for his brother. The two rulers sat, and Ichindar said, ""This is quite a bit more comfortable than my throne. I must...",,"table, Chair, bed, chair",Extracted from page 519
crydee_437,Magician,520,canon,architecture,"The guard obeyed. When he was halfway to the woods, a shout went up from the trees, and green-clad elves and armored dwarves came running forward. Battle chants and cries filled the air. Ichindar looked at the onrushing figures in confusion. Several of his companions drew weapons. A soldier from the Tsurani lines dashed to the pavilion and cried, ""Majesty, we are undone. It is a trap!"" : 'Every Tsurani backed away, swords drawn. Ichindar shouted, ""Is this .. how you treat for peace? Mouthing ...",,,Extracted from page 520
crydee_438,Magician,521,canon,architecture,"within the Empire, only those soldiers belonging to the clans of the War Party. Until now you had many hidden allies, blocking a major effort against the Kingdom. But now this betrayal has inflamed the one man who can command unquestioned obedience from all the clans of the Empire. Ichindar can order every clan of Tsuranuanni to marshal! ""You've never faced more than thirty thousand warriors along all fronts. By tomorrow those thirty thousand can be back in this valley. In a week double again...",,"bed, wall",Extracted from page 521
crydee_439,Magician,522,canon,architecture,"arriving soldiers to the north line to meet the new threat. A shout from the left caused him to turn. A tall warrior, clad in white and gold, was cutting a swath through the Tsurani guards, heading straight for the Light of Heaven. All the Tsurani lords rushed to cut him off. A clan Force Leader stood nearby. He raced to the Emperor and shouted, ""Your Majesty, you must leave. We can hold only a short while. If you are lost, the Empire is without a heart, and the gods will turn their faces fro...",,wall,Extracted from page 522
crydee_440,Magician,523,canon,architecture,"They could see the flood of Tsurani soldiers coming through the rift. ""If . Lyam does not reach the machine after the next charge, the Tsurani will gain in strength as we weaken. "" Pug said, ""He can bottle them up only if he can station bowmen at the entrance to the rift. A steady stream of bowfire through it should keep them back long enough to erect some sort of barrier. Then we might be able to render it inoperative."" Laurie said, ""Can't it be destroyed? The other way is fraught with risk....",,wall,Extracted from page 523
crydee_441,Magician,524,canon,architecture,"advantage of the charge was offset by the milling swarm of foot soldiers who cut horses out from under riders, or conspired to pull horsemen to the ground, the balance returned. A sea of battling figures could be seen around the rift machine. There was no organization, and little discipline. Men fought to survive, not for any gain in position. The sounds of metal clashing against hardened wood and hides rang through the valley. Everywhere the onlookers turned their attention, blood flowed, an...",,bed,Extracted from page 524
crydee_442,Magician,525,canon,architecture,"those who stood atop the towers of the Assembly. I only turned it to another place, balking the Enemy's design, and that at great risk. Now this rift is a controlled thing, firmly anchored in Kelewan, managed by a machine. That which controls it, many intricate spells, keeping it in harmony with Midkemia, keeps me from manipulating it. All I may do is end it, but for that I need help. ""Before we end this particular drama, I would say this to you: you will understand most things after you reac...",tower,,Extracted from page 525
crydee_443,Magician,526,canon,architecture,"greater rank, started shouting orders to ready the shield wall for another assault. The Kingdom forces were slowly regrouping. They did not attack, but took up position opposite the Tsurani. The Force Commander waited, while his soldiers made ready the lines. On all sides Kingdom horsemen stood ready, but still they did not come. Slowly the tension grew. The Force Commander ordered a platform raised. Four Tsurani grabbed a shield, he stood upon it, and they lifted him up. His eyes widened. ""T...",,"bed, wall",Extracted from page 526
crydee_444,Magician,527,canon,architecture,"""Their entire army is in the field."" He swallowed hard, the usual Tsurani impassivity broken. ""Mother of gods! There must be thirty thousand of them."" ""Then we shall give them a battle worthy of a ballad before we die,"" . said the Subcommander. The Force Commander looked about him. On all sides stood bleeding, wounded, and dazed soldiers. Of the Kingdom armies arrayed against them, only a third had fought. Fully twenty thousand rested soldiers approached four thousand Tsurani, half of them un...",,wall,Extracted from page 527
crydee_445,Magician,528,canon,architecture,"at the change in Tomas, for his old friend was now a towering figure who resembled an elf as much as a human. Lyam was too exhausted for outrage. He looked at the Warleader of Elvandar and said quietly, ""What cause did you have to attack, Tomas?"" The Prince Consort of the elves said, ""The Tsurani drew weapons, Lyam. They were ready to attack the pavilion. Could you not see?"" In spite of his fatigue, Lyam's voice rose. ""I saw only your host attack a conference of peace. I saw nothing in the Ts...",tower,,Extracted from page 528
crydee_446,Magician,529,implied,architecture,"soldiers of the Kingdom knew they would not have to risk death or injury tomorrow. Songs rang out from around campfires, and laughter came from all quarters. It mattered little to most that others lay wounded in tents, tended by the priests, and that some would not live to see the first day of peace, or taste the fruits of victory. All the celebrants knew was that they were among the living, and they reveled in the fact. Later there would be time for mourning lost comrades. Now they drank in ...",,,Extracted from page 529
crydee_447,Magician,530,implied,architecture,"Kingdom soldiers?"" Kasumi's expression softened, revealing his shame. ""I have been among your people, Great One. I may have forgotten my Tsurani training. I have brought dishonor upon my house. When the Prince has disposed of my men, I will ask permission to take my own life, though it may be too much of an honor for him to grant."" Brucal and others looked shocked at this. Lyam showed no expression, but simply said, ""You have earned no dishonor. You would have aided no cause in dying. There c...",,,Extracted from page 530
crydee_448,Magician,531,unknown,architecture,"guard for the Emperor. From what I have heard said here, we have been used by this sorcerer as much as anyone. I would not have any more blood spilled on his account. I thank Your Highness."" Lord Vandros said, ""I think a Knight-Captaincy would be proper for the leader of nearly four thousand. Do you agree, my lord Duke?"" Brucal nodded in agreement, and Vandros said, ""Come, Captain, we should speak with your new command."" Kasumi rose, bowed to Lyam, and left with the Earl of LaMut. Arutha touc...",,,Extracted from page 531
crydee_449,Magician,534,canon,architecture,"anxious to reach the castle of Macros, for they had more questions than the others. Arutha was also curious, after resigning himself to the voyage. He found he also had little desire to take part in the long funeral procession that had left from Ylith the day they sailed. He had buried his grief for his father deep inside and would deal with it in his own time. Laurie had stayed with Kasumi to aid the assimilation of the Tsurani soldiers into the LaMutian garrison, and would meet them later i...",,,Extracted from page 534
crydee_450,Magician,535,canon,architecture,"Kulgan said nothing, being occupied with observing the castle they were approaching. The strange blue light that had been so visible when they had last visited the island was absent from the window of the high tower. The castle had the look of a place deserted, without movement or sound. The drawbridge was down and the portcullis raised. Meecham observed, ""At least we won't have to storm the place."" When they reached the edge of the drawbridge, they halted. The castle rose above them, its hig...",tower,"stair, wall, window, door",Extracted from page 535
crydee_451,Magician,536,canon,architecture,"usual heraldic banners, this hall looked much like the one in castle Crydee. ""My master has left explicit instructions for your visit, as much as was possible to anticipate, so I have prepared the' castle for your arrival. Would you care for some refreshments? There are food and wine ready."" Kulgan shook his head. He was unsure of what this creature was, but he was not overly comfortable with anything that so resembled a servant of the Dark Brotherhood. ""Macros said there would be a message. ...",tower,"stair, table, wall, door",Extracted from page 536
crydee_452,Magician,539,canon,architecture,"close the rift, with so much to be gained by keeping it open? Perhaps, perhaps not, but in any event there would have been the all-too-human temptation to keep it open 'just a little longer.' I think he knew that and was ensuring there would be no choice."" Kulgan returned to reading the scroll. "" 'As to what will happen now, I cannot say. My seeing of the future ends with the explosion of the rift. Whether it is, finally, my appointed hour, or simply the beginning of some new era of my existe...",,"table, door",Extracted from page 539
crydee_453,Magician,541,canon,architecture,"courtyard and bid them a safe journey at the door of the keep. When the large doors had closed behind them, Meecham said, ""This fellow Macros seems to have raised five questions for each he answered."" Kulgan said, ""You have that right, old friend. Perhaps we will gain ""''-'additional knowledge from his notes, and other works. Perhaps not, and ~maybe that's the right of it."" 34 RiLlaNON WAS IN A FESTIVE MOOD. Everywhere banners rippled in the breeze, and garlands of summer flowers replaced the...",courtyard,door,Extracted from page 541
crydee_454,Magician,542,canon,architecture,"first keep remained. The only clue they were entering the ancient halls was the sudden appearance of dark stone walls, worn smooth by time. Two guards stood watch by a door over which was carved a bas-relief crest of the conDoin kings, a crowned lion hdding a sword in its claws. The page said, ""Prince Arutha,"" and the guards opened the door. Arutha stepped through into a small anteroom, with a long flight of stairs leading down. He followed the stairs past rows of brightly burning torches tha...",,"stair, wall, bed, door",Extracted from page 542
crydee_455,Magician,543,unknown,architecture,"HERE liES BOrRiC, ThIRD DUKE OF CRYDEE, HUSBAND OF CAThERINE, FAThER OF MARTIN, LYAM, ARUTHa, AMD CARLIME Arutha's lips moved, but no words came forth. He shook his head, then said, ""What madness is this?"" Lyam came between Arutha and the likeness of their father. ""No madness, Arutha. Father acknowledged Martin on his deathbed. He is He is our brother. He is the eldest."" Arutha's face became contorted with rage. ""why didn't you tell me?"" His voice was tormented. ""What right had you to hide th...",,bed,Extracted from page 543
crydee_456,Magician,547,implied,architecture,"and the LaMutian soldiers. It should pass in time. We had an encounter with the Brotherhood the week after we left. They can fight, but we routed them. There was much celebrating among all the men in the garrisons, both Tsurani and LaMutian. It was a good beginning.'' It had been more than an encounter. Word had reached Rillanon of the battle. The Dark Brothers and their goblin allies had raided into Yabbon, overrunning one of the border garrisons, weakened during the war. The Tsurani had tur...",,,Extracted from page 547
crydee_457,Magician,548,canon,architecture,"them and with a wave of her hand dismissed the guard. She looked regal in a fine green gown, with a pearl-studded tiara crowning her dark hair. ""Master magician,"" she said, ""have you no greeting for an old friend?"" Pug bowed before the Princess, and Kasumi and Laurie did also. Katala curtseyed as she had been shown by one of the maids. Pug said, ""Princess, you flatter me by remembering a simple keep boy."" Carline smiled, with a gleam in her blue eyes. ""Oh, Pug . . . you were never a simple an...",,,Extracted from page 548
crydee_458,Magician,550,canon,architecture,"Martin smiled slightly. ""I've had a need to be alone. In Crydee when such a mood strikes, I return to the forest. Here""-he indicated the large terraced garden-""this was the best I could manage."" She looked quizzically at him, but shrugged off the remark. ""Well, I expect you will manage to attend the coronation. Now, if you'll excuse me, I must be off."" She accepted their polite good-byes and left. Looking at Pug, Martin said, ""It is good to see you once again, Pug."" ""And you, Martin. Of all m...",,wall,Extracted from page 550
crydee_459,Magician,551,unknown,architecture,"since I lived in Crydee. If you take the crown, it will be for what you believe are good reasons. It may be the only way to prevent civil war, for should you choose the mantle of King, Lyam will be the first to swear fealty. Whatever the reason, you would do your best to act wisely. And if you take the purple, you will do your best to be a good ruler."" Martin looked impressed. ""You have changed much, Squire Pug, more than I would have expected. I thank you for your kind judgment of me, but I ...",,,Extracted from page 551
crydee_460,Magician,552,canon,architecture,"""Keep your wife close about. The guards in the hall wear the purple and will die defending the King, whoever he may be. But it may get messy. Many of the eastern lords are impulsive men, overly used to having their petty demands instantly gratified. A few might open their mouths and find themselves chewing steel. ""My men and Vandros's are positioned throughout the palace, while Kasumi's Tsurani are outside, at Lyam's request. The eastern lords don't like it, but Lyam is Heir, and they cannot ...",,,Extracted from page 552
crydee_461,Magician,553,canon,architecture,"be back to your wife. Keep your wits sharp, magician, for we may have need of your arts before this day is through."" They returned to the others, and Brucal led Vandros and Kasumi inside, speaking with them in low tones. Before Katala could speak, Laurie said, ""What is afoot? When I took Katala and Kasumi outside to a balcony overlooking the courtyard, I saw Kasumi's men everywhere. For a moment I thought the Empire had won the war. I couldn't get a thing from him."" Pug said, ""Brucal knows th...","courtyard, great hall",wall,Extracted from page 553
crydee_462,Magician,554,canon,architecture,"leaned over, resting an elbow on the garden wall while he poured more wine into his cup. ""See here, there's this pretty little three-master in the royal harbor. I've not had much time, but with the King's pardon being declared, there's plenty of good lads fresh from the brig who'd jump to sail with Captain Trenchard. Why don't we cast off from here and go a'roving?"" Martin shook his head. ""That sounds fine. I've been on a ship three times in my life, and with you I nearly got killed all three...",,"wall, gate",Extracted from page 554
crydee_463,Magician,555,canon,architecture,"Martin turned away from the wall. ""Thank you for your company, Amos, and the wine. Shall we go change the fate of the Kingdom?"" Amos drank the last of the wine from the crystal decanter. He tossed it aside and over the sound of shattering glass said, ""You go decide the fate of the Kingdom, Martin. I'll come along later, perhaps, if I can't arrange for that little ship I spoke of. Maybe we'll sail together again. If you change your mind about being King, or decide you're in need of quick trans...",great hall,"wall, door",Extracted from page 555
crydee_464,Magician,559,implied,architecture,"three times more, and the guards outside opened it. Before stepping out, he intoned the last phrase of the ritual of coronation. To those outside the hall, not privileged to watch the ceremony, he announced, ""Let the word go forth. Lyam is our King!' Faster than a bird's flight, the word went out of the hall, through the palace, and into the city. Celebrants in the street toasted the new monarch, and not one in a thousand knew how close disaster had come to visiting the Kingdom that day. The ...",,,Extracted from page 559
crydee_465,Magician,560,unknown,architecture,"guardians of the Northern Marches, vassal to no Lord but the King, rose and returned to stand with the others in the hall. Handing the sword of Dannis to a waiting page, Lyam stood and said, ""it is our wish that a time of celebration be at hand. But there are matters of state that must be attended to at once. Most are of a happy nature, but first there is one sad duty which must be discharged. 'There is one absent today, one who sought to gain the throne upon which we are privileged to sit. T...",,,Extracted from page 560
crydee_466,Magician,561,implied,architecture,"""And it is our wish that the Duchy of Crydee, home of our father, stay within our family so long as his line remains. To this end I name Martin, our beloved brother, Duke of Crydee, with all lands, titles, and rights pertaining thereunto . ' A cheer again rose from the crowd. Martin and Arutha left Lyam's side and the new King said, 'Let the Earl of LaMut and Knight-Captain Kasumi of LaMut approach the throne.' Kasumi and Vandros started. Kasumi had been nervous all day, for Vandros had place...",,,Extracted from page 561
crydee_467,Magician,562,canon,architecture,"Squire Pug of Crydee approach the throne.' Pug looked at Katala and Kulgan, surprised at being called. 'What ?' 'Go and find out Kulgan pushed him forward Pug came before Lyam and bowed. The King said, 'What has been done was a private matter, between our father and this man. Now it is our wish all in our realm know that this man, once called Pug the orphan of Crydee, has had his name inscribed upon the rolls of our family.' He held out his hand, and Pug knelt before him. Lyam presented his s...",Tower,"table, bed",Extracted from page 562
crydee_468,Magician,563,canon,architecture,"You'll have to keep your wits about you in Krondor.' Arutha sighed, not happy at that prospect. Pug, Laurie, Meecham, Cardan, Kulgan, Fannon and Kasumi all sat at the royal table. Lyam had insisted they join the royal family. The new Earl of LaMut still seemed in shock at his office, but his happiness was clearly showing, and even in this noisy hall the sound of his warriors outside singing Tsurani songs of celebration could be faintly heard. Pug mused over the discomfort that must be causing...",,table,Extracted from page 563
crydee_469,Magician,564,canon,architecture,"time to the courtyard. Porters and pages held horses for guests departing early. Arutha and Martin grabbed the first two in line, unceremoniously leaving two minor nobles without mounts. The two noblemen stood with mouths open, caught halfway between anger and amazement. ""Your pardon, my lords,' shouted Arutha as he spurred his horse towards the gate. As they rode through the gates of the palace, across the arched bridge over the river Rillanon, Martin said, 'He said he would sail at sundown!'",courtyard,"bed, gate",Extracted from page 564
crydee_470,Magician,565,canon,architecture,"A single guard sat as if sleeping before the entrance to the royal docks. Arutha jumped down from his horse and jostled the man. The guard's helm fell from his head as he toppled over, slumping to the ground. Arutha checked him and said, 'He's alive, but he'll have a head on him tomorrow.' Arutha regained his saddle and they hurried along Rillanon's long dockside to the last wharf. Shouts from men in the rigging of a ship greeted them as they turned their horses towards the end of a long pier...",,wall,Extracted from page 565
